Workbook
Name Dates: 'CSE110'!$I:$L
Name DV_B: Setup!$E$2:$E$13
Name DV_D: Setup!$F$2:$F$9
Name DV_E: Setup!$G$2:$G$8
Name Dates: CSEPC110!$I:$L
Name Dates: CSEPC110M!$J:$M
Name Dates: 'CSE111'!$I:$L
Name Dates: 'CSE210'!$I:$L
Name Dates: 'CSE212'!$I:$L
Name Dates: 'CSE270'!$I:$L
Name Dates: 'CSE300'!$I:$L
Name Dates: 'CSE310'!$H:$K
Name Dates: 'CSE325'!$I:$L
Name Dates: 'CSE340'!$I:$L
Name Dates: 'CSE341'!$I:$L
Name Dates: 'CSE370'!$I:$L
Name Dates: 'CSE499'!$I:$L
Name Dates: 'ITM111'!$I:$L
Name Dates: 'WDD130'!$I:$L
Name Dates: 'WDD131'!$I:$L
Name Dates: 'WDD231'!$I:$L
Name Dates: 'WDD430'!$I:$L
Name Dates: 'WDD330'!$I:$L

Sheet Instructions START HERE
A2: . | C2: Preparing for the IMS

Sheet CSE110
A1: Course | B1: Action Type | C1: Assignment | D1: Week of Outreach | E1: Day of Outreach | F1: Points Possible | G1: % + or - for Outreach | H1: Configured | I1: Start Date | J1: Due Date | K1: Expire Date | L1: Score | M1: Reason for Outreach Title (Drop Down in IMS) | N1: Description/Prompt in IMS
A2: CSE110 | B2: New Student Added | C2: Novo Estudante Adicionado | D2: 0 | E2: 2 | H2: y | I2: =DATE(YEAR(Setup!$C$4),MONTH(Setup!$C$4),DAY(Setup!$C$4)+((D2-1)*7)+(E2-WEEKDAY(DATE(YEAR(Setup!$C$4),MONTH(Setup!$C$4),DAY(Setup!$C$4)),1))) | J2: =I2+3 | K2: =(I2 + (7 - WEEKDAY(I2,1))) + 1 | M2: Novo Aluno Adicionado | N2: Envie uma mensagem para os novos alunos para dar as boas-vindas à aula e ajudá-los a enviar as tarefas que perderam.
A3: CSE110 | B3: Quiz Question | C3: S01 - Questionário: Expectativas do Curso: Pergunta: Laptop 1 Resposta: Não | D3: 1 | E3: 2 | H3: y | I3: =DATE(YEAR(Setup!$C$4),MONTH(Setup!$C$4),DAY(Setup!$C$4)+((D3-1)*7)+(E3-WEEKDAY(DATE(YEAR(Setup!$C$4),MONTH(Setup!$C$4),DAY(Setup!$C$4)),1))) | J3: =I3+3 | K3: =(I3 + (7 - WEEKDAY(I3,1))) + 1 | L3: 0 | M3: Sem acesso a um computador | N3: Envie uma mensagem a cada aluno informando que eles não conseguirão ter sucesso neste curso sem um computador. Sugira que tranquem o curso e o façam quando tiverem acesso a um computador. (Consulte as Notas de Ensino para obter informações adicionais)
A4: CSE110 | B4: Scheduled - Not Logged In | C4: Não entrou no Canvas | D4: 1 | E4: 4 | H4: y | I4: =DATE(YEAR(Setup!$C$4),MONTH(Setup!$C$4),DAY(Setup!$C$4)+((D4-1)*7)+(E4-WEEKDAY(DATE(YEAR(Setup!$C$4),MONTH(Setup!$C$4),DAY(Setup!$C$4)),1))) | J4: =I4+3 | K4: =(I4 + (7 - WEEKDAY(I4,1))) + 1 | M4: Não acessou o Canvas | N4: Envie uma mensagem (fora do Canvas) para os estudantes que não fizeram login no Canvas, incentivando-os a fazer login antes da segunda-feira da Semana 2.
A5: CSE110 | B5: Missing Assignment | C5: S01 - Projeto: Histórias Inteligentes | D5: 2 | E5: 1 | H5: y | I5: =DATE(YEAR(Setup!$C$4),MONTH(Setup!$C$4),DAY(Setup!$C$4)+((D5-1)*7)+(E5-WEEKDAY(DATE(YEAR(Setup!$C$4),MONTH(Setup!$C$4),DAY(Setup!$C$4)),1))) | J5: =I5+3 | K5: =(I5 + (7 - WEEKDAY(I5,1))) + 1 | M5: Pendente: Projeto W01: Clever Stories | N5: Projeto da W01 Pendente: Clever Stories. Envie uma mensagem para entrar em contato com este aluno e incentivar o envio pontual da tarefa pendente
A6: CSE110 | B6: Quiz Question | C6: S01 - Reflexão: NeedHelp Resposta: Sim | D6: 2 | E6: 2 | H6: y | I6: =DATE(YEAR(Setup!$C$4),MONTH(Setup!$C$4),DAY(Setup!$C$4)+((D6-1)*7)+(E6-WEEKDAY(DATE(YEAR(Setup!$C$4),MONTH(Setup!$C$4),DAY(Setup!$C$4)),1))) | J6: =I6+3 | K6: =(I6 + (7 - WEEKDAY(I6,1))) + 1 | L6: 0 | M6: Resposta à Reflexão da W01 - O aluno respondeu que está sobrecarregado. | N6: O estudante respondeu que está se sentindo sobrecarregado na Reflexão da W01. Entre em contato com o estudante para ver como você pode ajudar.
A7: CSE110 | B7: Grader-Issued 0 | C7: S01 - Projeto: Histórias Inteligentes | D7: 2 | E7: 5 | H7: y | I7: =DATE(YEAR(Setup!$C$4),MONTH(Setup!$C$4),DAY(Setup!$C$4)+((D7-1)*7)+(E7-WEEKDAY(DATE(YEAR(Setup!$C$4),MONTH(Setup!$C$4),DAY(Setup!$C$4)),1))) | J7: =I7+3 | K7: =(I7 + (7 - WEEKDAY(I7,1))) + 1 | M7: Nota 0 atribuída pelo avaliador: Projeto W01 | N7: Este estudante recebeu um “0” atribuído pelo avaliador no Projeto W01. Isso provavelmente foi causado pelo envio de um modelo em branco, tarefa incorreta, uma versão plagiada da tarefa ou por apresentar dificuldades tão significativas que nenhum resultado de aprendizagem foi alcançado. Acesse o livro de notas do Canvas e revise as observações deixadas pelo avaliador. Envie uma mensagem para o estudante e trabalhe com ele para que a tarefa seja reenviada para avaliação.
A8: CSE110 | B8: High Performance | C8: S01 - Projeto: Histórias Inteligentes | D8: 2 | E8: 5 | F8: 100 | G8: 0.8 | H8: y | I8: =DATE(YEAR(Setup!$C$4),MONTH(Setup!$C$4),DAY(Setup!$C$4)+((D8-1)*7)+(E8-WEEKDAY(DATE(YEAR(Setup!$C$4),MONTH(Setup!$C$4),DAY(Setup!$C$4)),1))) | J8: =I8+3 | K8: =(I8 + (7 - WEEKDAY(I8,1))) + 1 | L8: =F8*G8 | M8: Alto Desempenho: Projeto da W01 | N8: Este aluno obteve 80% ou mais no W01 Projeto: Histórias Inteligentes. Envie uma mensagem de elogio e incentivo pelo esforço e bom desempenho nesta tarefa.
A9: CSE110 | B9: Low Performance | C9: S01 - Projeto: Histórias Inteligentes | D9: 2 | E9: 5 | F9: 100 | G9: 0.8 | H9: y | I9: =DATE(YEAR(Setup!$C$4),MONTH(Setup!$C$4),DAY(Setup!$C$4)+((D9-1)*7)+(E9-WEEKDAY(DATE(YEAR(Setup!$C$4),MONTH(Setup!$C$4),DAY(Setup!$C$4)),1))) | J9: =I9+3 | K9: =(I9 + (7 - WEEKDAY(I9,1))) + 1 | L9: =F9*G9 | M9: Resultados Não Atendidos: Projeto da W01 | N9: Este aluno obteve menos de 80% no Projeto da W01: Histórias Inteligentes. Envie uma mensagem para este aluno oferecendo alguma forma de ajuda para que ele(a) possa ter mais sucesso nesta tarefa e reenviá-la.
A10: CSE110 | B10: Missing Assignment | C10: S02 - Projeto: Calculadora de Preço de Refeições | D10: 3 | E10: 1 | H10: y | I10: =DATE(YEAR(Setup!$C$4),MONTH(Setup!$C$4),DAY(Setup!$C$4)+((D10-1)*7)+(E10-WEEKDAY(DATE(YEAR(Setup!$C$4),MONTH(Setup!$C$4),DAY(Setup!$C$4)),1))) | J10: =I10+3 | K10: =(I10 + (7 - WEEKDAY(I10,1))) + 1 | M10: Projeto da W02 Pendente: Meal Price Calculator | N10: Projeto da W02 pendente: Calculadora de Preço de Refeição. Envie uma mensagem para entrar em contato com este aluno e incentivar o envio pontual da tarefa pendente
A11: CSE110 | B11: Quiz Question | C11: S02 - Reflexão: NeedHelp Resposta: Sim | D11: 3 | E11: 2 | H11: y | I11: =DATE(YEAR(Setup!$C$4),MONTH(Setup!$C$4),DAY(Setup!$C$4)+((D11-1)*7)+(E11-WEEKDAY(DATE(YEAR(Setup!$C$4),MONTH(Setup!$C$4),DAY(Setup!$C$4)),1))) | J11: =I11+3 | K11: =(I11 + (7 - WEEKDAY(I11,1))) + 1 | L11: 0 | M11: Resposta à Reflexão da W02 - O aluno respondeu que está sobrecarregado. | N11: O(A) estudante respondeu que está se sentindo sobrecarregado(a) na Reflexão da W02. Entre em contato com o(a) estudante para ver como você pode ajudar.
A12: CSE110 | B12: Grader-Issued 0 | C12: S02 - Projeto: Calculadora de Preço de Refeições | D12: 3 | E12: 5 | H12: y | I12: =DATE(YEAR(Setup!$C$4),MONTH(Setup!$C$4),DAY(Setup!$C$4)+((D12-1)*7)+(E12-WEEKDAY(DATE(YEAR(Setup!$C$4),MONTH(Setup!$C$4),DAY(Setup!$C$4)),1))) | J12: =I12+3 | K12: =(I12 + (7 - WEEKDAY(I12,1))) + 1 | M12: Avaliador Atribuiu 0: Projeto da W02 | N12: Este aluno recebeu um “0” atribuído pelo avaliador no Projeto da W02. Isso provavelmente foi causado pelo envio de um modelo em branco, tarefa incorreta, uma versão plagiada da tarefa ou por apresentar dificuldades tão significativas que nenhum objetivo foi alcançado. Acesse o livro de notas do Canvas e revise as observações deixadas pelo avaliador. Envie uma mensagem ao aluno e colabore com ele para que a tarefa seja reenviada para avaliação.
A13: CSE110 | B13: High Performance | C13: S02 - Projeto: Calculadora de Preço de Refeições | D13: 3 | E13: 5 | F13: 100 | G13: 0.8 | H13: y | I13: =DATE(YEAR(Setup!$C$4),MONTH(Setup!$C$4),DAY(Setup!$C$4)+((D13-1)*7)+(E13-WEEKDAY(DATE(YEAR(Setup!$C$4),MONTH(Setup!$C$4),DAY(Setup!$C$4)),1))) | J13: =I13+3 | K13: =(I13 + (7 - WEEKDAY(I13,1))) + 1 | L13: =F13*G13 | M13: Alto desempenho: Projeto W02 | N13: Este estudante obteve nota de 80% ou mais no Projeto W02: Meat Price Calculator. Envie uma mensagem de elogio e incentivo pelo esforço e bom desempenho nesta tarefa.
A14: CSE110 | B14: Low Performance | C14: S02 - Projeto: Calculadora de Preço de Refeições | D14: 3 | E14: 5 | F14: 100 | G14: 0.8 | H14: y | I14: =DATE(YEAR(Setup!$C$4),MONTH(Setup!$C$4),DAY(Setup!$C$4)+((D14-1)*7)+(E14-WEEKDAY(DATE(YEAR(Setup!$C$4),MONTH(Setup!$C$4),DAY(Setup!$C$4)),1))) | J14: =I14+3 | K14: =(I14 + (7 - WEEKDAY(I14,1))) + 1 | L14: =F14*G14 | M14: Resultados Não Atingidos: Projeto W02 | N14: Este(a) estudante obteve menos de 80% no Projeto da W02: Calculadora de Preço de Refeição. Envie uma mensagem para este(a) estudante oferecendo algum tipo de ajuda para que ele/ela possa ter mais sucesso nesta tarefa e reenviá-la.
A15: CSE110 | B15: Missing Assignment | C15: S03 - Projeto: Jogo de Aventura | D15: 4 | E15: 1 | H15: y | I15: =DATE(YEAR(Setup!$C$4),MONTH(Setup!$C$4),DAY(Setup!$C$4)+((D15-1)*7)+(E15-WEEKDAY(DATE(YEAR(Setup!$C$4),MONTH(Setup!$C$4),DAY(Setup!$C$4)),1))) | J15: =I15+3 | K15: =(I15 + (7 - WEEKDAY(I15,1))) + 1 | M15: Projeto da W03 Pendente: Adventure Game | N15: Projeto W03 pendente: Jogo de Aventura. Envie uma mensagem para entrar em contato com este aluno e incentivar o envio pontual da tarefa pendente.
A16: CSE110 | B16: Quiz Question | C16: S03 - Reflexão: NeedHelp Resposta: Sim | D16: 4 | E16: 2 | H16: y | I16: =DATE(YEAR(Setup!$C$4),MONTH(Setup!$C$4),DAY(Setup!$C$4)+((D16-1)*7)+(E16-WEEKDAY(DATE(YEAR(Setup!$C$4),MONTH(Setup!$C$4),DAY(Setup!$C$4)),1))) | J16: =I16+3 | K16: =(I16 + (7 - WEEKDAY(I16,1))) + 1 | L16: 0 | M16: Resposta à Reflexão da W03 - O estudante respondeu que está sobrecarregado. | N16: O aluno respondeu na Reflexão W03 que está se sentindo sobrecarregado. Entre em contato com o aluno para ver como você pode ajudar.
A17: CSE110 | B17: Scheduled - Low Current Grade | C17: Lembrete de Prazo de Cancelamento | D17: 4 | E17: 4 | G17: 0.4 | H17: y | I17: =DATE(YEAR(Setup!$C$4),MONTH(Setup!$C$4),DAY(Setup!$C$4)+((D17-1)*7)+(E17-WEEKDAY(DATE(YEAR(Setup!$C$4),MONTH(Setup!$C$4),DAY(Setup!$C$4)),1))) | J17: =I17+3 | K17: =(I17 + (7 - WEEKDAY(I17,1))) + 1 | L17: 0 | M17: Aluno em situação de reprovação. Lembrete de cancelamento de matrícula | N17: Envie um e-mail para os alunos que estão reprovando no momento e que têm poucas chances de recuperação, lembrando-os do prazo de trancamento.
A18: CSE110 | B18: Grader-Issued 0 | C18: S03 - Projeto: Jogo de Aventura | D18: 4 | E18: 5 | H18: y | I18: =DATE(YEAR(Setup!$C$4),MONTH(Setup!$C$4),DAY(Setup!$C$4)+((D18-1)*7)+(E18-WEEKDAY(DATE(YEAR(Setup!$C$4),MONTH(Setup!$C$4),DAY(Setup!$C$4)),1))) | J18: =I18+3 | K18: =(I18 + (7 - WEEKDAY(I18,1))) + 1 | M18: Nota 0 atribuída pelo Corretor: Projeto da W03 | N18: Este aluno obteve um “0” atribuído pelo avaliador no Projeto da W03. Isso provavelmente foi causado pelo envio de um modelo em branco, tarefa incorreta, uma versão plagiada da tarefa ou por apresentar dificuldades tão significativas que nenhum objetivo foi alcançado. Acesse o livro de notas do Canvas e revise as observações deixadas pelo avaliador. Envie uma mensagem para o aluno e trabalhe com ele para que a tarefa seja reenviada para avaliação.
A19: CSE110 | B19: High Performance | C19: S03 - Projeto: Jogo de Aventura | D19: 4 | E19: 5 | F19: 100 | G19: 0.8 | H19: y | I19: =DATE(YEAR(Setup!$C$4),MONTH(Setup!$C$4),DAY(Setup!$C$4)+((D19-1)*7)+(E19-WEEKDAY(DATE(YEAR(Setup!$C$4),MONTH(Setup!$C$4),DAY(Setup!$C$4)),1))) | J19: =I19+3 | K19: =(I19 + (7 - WEEKDAY(I19,1))) + 1 | L19: =F19*G19 | M19: Alto Desempenho: Projeto da W03 | N19: Este aluno obteve nota igual ou superior a 80% no Projeto W03: Jogo de aventura. Envie uma mensagem de elogio e incentivo pelo esforço e bom desempenho nesta tarefa.
A20: CSE110 | B20: Low Performance | C20: S03 - Projeto: Jogo de Aventura | D20: 4 | E20: 5 | F20: 100 | G20: 0.8 | H20: y | I20: =DATE(YEAR(Setup!$C$4),MONTH(Setup!$C$4),DAY(Setup!$C$4)+((D20-1)*7)+(E20-WEEKDAY(DATE(YEAR(Setup!$C$4),MONTH(Setup!$C$4),DAY(Setup!$C$4)),1))) | J20: =I20+3 | K20: =(I20 + (7 - WEEKDAY(I20,1))) + 1 | L20: =F20*G20 | M20: Resultados Não Alcançados: W03 Projeto | N20: Este aluno obteve menos de 80% no Projeto da W03: Jogo de Aventura. Envie uma mensagem para este aluno oferecendo algum tipo de ajuda para que ele(a) possa ter mais sucesso nesta tarefa e reenviá-la.
A21: CSE110 | B21: Missing Assignment | C21: S04 - Projeto: Adivinhação de Palavras | D21: 5 | E21: 1 | H21: y | I21: =DATE(YEAR(Setup!$C$4),MONTH(Setup!$C$4),DAY(Setup!$C$4)+((D21-1)*7)+(E21-WEEKDAY(DATE(YEAR(Setup!$C$4),MONTH(Setup!$C$4),DAY(Setup!$C$4)),1))) | J21: =I21+3 | K21: =(I21 + (7 - WEEKDAY(I21,1))) + 1 | M21: Projeto W04 pendente: Quebra-Cabeça de Palavras | N21: Pendente: Projeto W04: Word Puzzle. Envie uma mensagem para verificar a situação deste estudante e incentivar o envio pontual da tarefa pendente
A22: CSE110 | B22: Quiz Question | C22: S04 - Reflexão: NeedHelp Resposta: Sim | D22: 5 | E22: 2 | H22: y | I22: =DATE(YEAR(Setup!$C$4),MONTH(Setup!$C$4),DAY(Setup!$C$4)+((D22-1)*7)+(E22-WEEKDAY(DATE(YEAR(Setup!$C$4),MONTH(Setup!$C$4),DAY(Setup!$C$4)),1))) | J22: =I22+3 | K22: =(I22 + (7 - WEEKDAY(I22,1))) + 1 | L22: 0 | M22: Resposta à Reflexão W04 - O aluno respondeu que está sobrecarregado. | N22: O(A) estudante respondeu que está se sentindo sobrecarregado(a) na Reflexão da W04. Entre em contato com o(a) estudante para ver como você pode ajudar.
A23: CSE110 | B23: Grader-Issued 0 | C23: S04 - Projeto: Adivinhação de Palavras | D23: 5 | E23: 5 | H23: y | I23: =DATE(YEAR(Setup!$C$4),MONTH(Setup!$C$4),DAY(Setup!$C$4)+((D23-1)*7)+(E23-WEEKDAY(DATE(YEAR(Setup!$C$4),MONTH(Setup!$C$4),DAY(Setup!$C$4)),1))) | J23: =I23+3 | K23: =(I23 + (7 - WEEKDAY(I23,1))) + 1 | M23: Nota 0 atribuída pelo avaliador: Projeto W04 | N23: Este estudante recebeu um “0” atribuído pelo avaliador no Projeto W04. Isso provavelmente foi causado pelo envio de um modelo em branco, tarefa incorreta, uma versão plagiada da tarefa ou por apresentar dificuldades tão significativas que nenhum resultado de aprendizagem foi alcançado. Acesse o livro de notas do Canvas e revise as observações deixadas pelo avaliador. Envie uma mensagem para o estudante e trabalhe com ele para que a tarefa seja reenviada para avaliação.
A24: CSE110 | B24: High Performance | C24: S04 - Projeto: Adivinhação de Palavras | D24: 5 | E24: 5 | F24: 100 | G24: 0.8 | H24: y | I24: =DATE(YEAR(Setup!$C$4),MONTH(Setup!$C$4),DAY(Setup!$C$4)+((D24-1)*7)+(E24-WEEKDAY(DATE(YEAR(Setup!$C$4),MONTH(Setup!$C$4),DAY(Setup!$C$4)),1))) | J24: =I24+3 | K24: =(I24 + (7 - WEEKDAY(I24,1))) + 1 | L24: =F24*G24 | M24: Alto desempenho: Projeto W04 | N24: Este aluno obteve nota igual ou superior a 80% no Projeto da W04: Quebra-cabeça de Palavras. Envie uma mensagem de elogio e incentivo pelo esforço e bom desempenho nesta tarefa.
A25: CSE110 | B25: Low Performance | C25: S04 - Projeto: Adivinhação de Palavras | D25: 5 | E25: 5 | F25: 100 | G25: 0.8 | H25: y | I25: =DATE(YEAR(Setup!$C$4),MONTH(Setup!$C$4),DAY(Setup!$C$4)+((D25-1)*7)+(E25-WEEKDAY(DATE(YEAR(Setup!$C$4),MONTH(Setup!$C$4),DAY(Setup!$C$4)),1))) | J25: =I25+3 | K25: =(I25 + (7 - WEEKDAY(I25,1))) + 1 | L25: =F25*G25 | M25: Resultados Não Atingidos: Projeto W04 | N25: Este aluno obteve nota inferior a 80% no Projeto da W04: Word Puzzle. Envie uma mensagem para este aluno oferecendo algum tipo de ajuda para que ele possa ter mais sucesso nesta tarefa e enviá-la novamente.
A26: CSE110 | B26: Missing Assignment | C26: S05 - Projeto: Carrinho de Compras | D26: 6 | E26: 1 | H26: y | I26: =DATE(YEAR(Setup!$C$4),MONTH(Setup!$C$4),DAY(Setup!$C$4)+((D26-1)*7)+(E26-WEEKDAY(DATE(YEAR(Setup!$C$4),MONTH(Setup!$C$4),DAY(Setup!$C$4)),1))) | J26: =I26+3 | K26: =(I26 + (7 - WEEKDAY(I26,1))) + 1 | M26: Projeto da W05 Pendente: Carrinho de Compras | N26: Pendente - Projeto da W05: Carrinho de Compras. Envie uma mensagem para entrar em contato com este aluno e incentivar o envio pontual da tarefa pendente
A27: CSE110 | B27: Quiz Question | C27: S05 - Reflexão: NeedHelp Resposta: Sim | D27: 6 | E27: 2 | H27: y | I27: =DATE(YEAR(Setup!$C$4),MONTH(Setup!$C$4),DAY(Setup!$C$4)+((D27-1)*7)+(E27-WEEKDAY(DATE(YEAR(Setup!$C$4),MONTH(Setup!$C$4),DAY(Setup!$C$4)),1))) | J27: =I27+3 | K27: =(I27 + (7 - WEEKDAY(I27,1))) + 1 | L27: 0 | M27: Resposta à Reflexão W05 - O aluno respondeu que está sobrecarregado. | N27: O aluno respondeu que está se sentindo sobrecarregado na Reflexão da W05. Entre em contato com o aluno para ver como pode ajudar.
A28: CSE110 | B28: Grader-Issued 0 | C28: S05 - Projeto: Carrinho de Compras | D28: 6 | E28: 5 | H28: y | I28: =DATE(YEAR(Setup!$C$4),MONTH(Setup!$C$4),DAY(Setup!$C$4)+((D28-1)*7)+(E28-WEEKDAY(DATE(YEAR(Setup!$C$4),MONTH(Setup!$C$4),DAY(Setup!$C$4)),1))) | J28: =I28+3 | K28: =(I28 + (7 - WEEKDAY(I28,1))) + 1 | M28: Avaliador atribuiu nota 0: Projeto W05 | N28: Este aluno recebeu um “0” atribuído pelo avaliador no Projeto W05. Isso provavelmente foi causado pelo envio de um modelo em branco, tarefa incorreta, uma versão plagiada da tarefa ou por apresentar tanta dificuldade que nenhum objetivo foi alcançado. Faça login no boletim de notas do Canvas e revise as observações deixadas pelo avaliador. Envie uma mensagem ao aluno e trabalhe com ele para que a tarefa seja enviada novamente para avaliação.
A29: CSE110 | B29: High Performance | C29: S05 - Projeto: Carrinho de Compras | D29: 6 | E29: 5 | F29: 100 | G29: 0.8 | H29: y | I29: =DATE(YEAR(Setup!$C$4),MONTH(Setup!$C$4),DAY(Setup!$C$4)+((D29-1)*7)+(E29-WEEKDAY(DATE(YEAR(Setup!$C$4),MONTH(Setup!$C$4),DAY(Setup!$C$4)),1))) | J29: =I29+3 | K29: =(I29 + (7 - WEEKDAY(I29,1))) + 1 | L29: =F29*G29 | M29: Alto Desempenho: Projeto da W05 | N29: Este aluno pontuou 80% ou mais no Projeto da W05: Carrinho de Compras. Envie uma mensagem de elogio e incentivo pelo esforço e bom desempenho nesta tarefa.
A30: CSE110 | B30: Low Performance | C30: S05 - Projeto: Carrinho de Compras | D30: 6 | E30: 5 | F30: 100 | G30: 0.8 | H30: y | I30: =DATE(YEAR(Setup!$C$4),MONTH(Setup!$C$4),DAY(Setup!$C$4)+((D30-1)*7)+(E30-WEEKDAY(DATE(YEAR(Setup!$C$4),MONTH(Setup!$C$4),DAY(Setup!$C$4)),1))) | J30: =I30+3 | K30: =(I30 + (7 - WEEKDAY(I30,1))) + 1 | L30: =F30*G30 | M30: Resultados Não Alcançados: W05 Projeto | N30: Este aluno obteve nota menor que 80% no Projeto W05: Carrinho de Compras. Envie uma mensagem para este aluno oferecendo alguma forma de ajuda para que ele/ela possa ter mais sucesso nesta tarefa e enviá-la novamente.
A31: CSE110 | B31: Scheduled - Classwide | C31: Lembrete de Encerramento do Curso | D31: 7 | E31: 1 | H31: y | I31: =DATE(YEAR(Setup!$C$4),MONTH(Setup!$C$4),DAY(Setup!$C$4)+((D31-1)*7)+(E31-WEEKDAY(DATE(YEAR(Setup!$C$4),MONTH(Setup!$C$4),DAY(Setup!$C$4)),1))) | J31: =I31+3 | K31: =(I31 + (7 - WEEKDAY(I31,1))) + 1 | M31: Lembrete de Encerramento do Curso | N31: Envie uma mensagem aos seus alunos, lembrando-os de que o curso se encerra esta semana e sobre os prazos que devem cumprir para entregar as tarefas e aplicá-las à nota final.
A32: CSE110 | B32: Scheduled - Classwide | C32: Lembrete de Inscrição 2 | D32: 7 | E32: 1 | H32: y | I32: =DATE(YEAR(Setup!$C$4),MONTH(Setup!$C$4),DAY(Setup!$C$4)+((D32-1)*7)+(E32-WEEKDAY(DATE(YEAR(Setup!$C$4),MONTH(Setup!$C$4),DAY(Setup!$C$4)),1))) | J32: =I32+3 | K32: =(I32 + (7 - WEEKDAY(I32,1))) + 1 | L32: 0 | M32: Lembrete de Matrícula 2 | N32: Envie uma mensagem a todos os alunos, lembrando-os de que as inscrições para o próximo bloco ainda estão abertas, mas serão encerradas em breve. Incentive-os a acessar o sistema e se inscrever o quanto antes.
A33: CSE110 | B33: Scheduled - Classwide | C33: Lembrete de Fim de Bloco | D33: 7 | E33: 2 | H33: y | I33: =DATE(YEAR(Setup!$C$4),MONTH(Setup!$C$4),DAY(Setup!$C$4)+((D33-1)*7)+(E33-WEEKDAY(DATE(YEAR(Setup!$C$4),MONTH(Setup!$C$4),DAY(Setup!$C$4)),1))) | J33: =I33+3 | K33: =(I33 + (7 - WEEKDAY(I33,1))) + 1 | M33: Lembrete de Fim de Bloco | N33: Lembre os alunos de que o curso será encerrado, para enviarem as tarefas dentro do prazo e preencherem a Avaliação de Fim de Curso

Sheet CSEPC110
A1: Course | B1: Action Type | C1: Assignment | D1: Week of Outreach | E1: Day of Outreach | F1: Points Possible | G1: % + or - for Outreach | H1: Configured | I1: Start Date | J1: Due Date | K1: Expire Date | L1: Score | M1: Reason for Outreach Title (Drop Down in IMS) | N1: Description/Prompt in IMS
A2: CSEPC110 | B2: New Student Added | C2: New Student Added | D2: 0 | E2: 2 | H2: y | I2: =DATE(YEAR(Setup!$C$4),MONTH(Setup!$C$4),DAY(Setup!$C$4)+((D2-1)*7)+(E2-WEEKDAY(DATE(YEAR(Setup!$C$4),MONTH(Setup!$C$4),DAY(Setup!$C$4)),1))) | J2: =I2+3 | K2: =(I2 + (7 - WEEKDAY(I2,1))) + 1 | M2: New Student Added | N2: Send a message to new students to welcome them to class and help them submit any assignments they missed.
A3: CSEPC110 | B3: Quiz Question | C3: W01 Quiz: Course Expectations: Question: Laptop Answer: No | D3: 1 | E3: 2 | H3: y | I3: =DATE(YEAR(Setup!$C$4),MONTH(Setup!$C$4),DAY(Setup!$C$4)+((D3-1)*7)+(E3-WEEKDAY(DATE(YEAR(Setup!$C$4),MONTH(Setup!$C$4),DAY(Setup!$C$4)),1))) | J3: =I3+3 | K3: =(I3 + (7 - WEEKDAY(I3,1))) + 1 | L3: 0 | M3: No access to a computer | N3: Send a message to each student letting them know that they cannot be successful in this course without a computer. Suggest they drop the course and take it when they have access to a computer. (See Teaching notes for additional information)
A4: CSEPC110 | B4: Scheduled - Not Logged In | C4: Not Logged into Canvas | D4: 1 | E4: 4 | H4: y | I4: =DATE(YEAR(Setup!$C$4),MONTH(Setup!$C$4),DAY(Setup!$C$4)+((D4-1)*7)+(E4-WEEKDAY(DATE(YEAR(Setup!$C$4),MONTH(Setup!$C$4),DAY(Setup!$C$4)),1))) | J4: =I4+3 | K4: =(I4 + (7 - WEEKDAY(I4,1))) + 1 | M4: Not Logged Into Canvas | N4: Send a message (outside of Canvas) to students who have not logged into Canvas encouraging them to log in before Monday of Week 2.
A5: CSEPC110 | B5: Missing Assignment | C5: W01 Project: Clever Stories | D5: 2 | E5: 1 | H5: y | I5: =DATE(YEAR(Setup!$C$4),MONTH(Setup!$C$4),DAY(Setup!$C$4)+((D5-1)*7)+(E5-WEEKDAY(DATE(YEAR(Setup!$C$4),MONTH(Setup!$C$4),DAY(Setup!$C$4)),1))) | J5: =I5+3 | K5: =(I5 + (7 - WEEKDAY(I5,1))) + 1 | M5: Missing W01 Project: Clever Stories | N5: Missing W01 Project: Clever Stories. Send a message to check in with this student and encourage timely submission of the missing assignment
A6: CSEPC110 | B6: Quiz Question | C6: W01 Reflection: NeedHelp Answer: Yes | D6: 2 | E6: 2 | H6: y | I6: =DATE(YEAR(Setup!$C$4),MONTH(Setup!$C$4),DAY(Setup!$C$4)+((D6-1)*7)+(E6-WEEKDAY(DATE(YEAR(Setup!$C$4),MONTH(Setup!$C$4),DAY(Setup!$C$4)),1))) | J6: =I6+3 | K6: =(I6 + (7 - WEEKDAY(I6,1))) + 1 | L6: 0 | M6: Response to W01 Reflection - Student responded they are overwhelmed. | N6: Student responded feeling overwhelmed to W01 Reflection. Reach out to student to see how you can help.
A7: CSEPC110 | B7: Grader-Issued 0 | C7: W01 Project: Clever Stories | D7: 2 | E7: 5 | H7: y | I7: =DATE(YEAR(Setup!$C$4),MONTH(Setup!$C$4),DAY(Setup!$C$4)+((D7-1)*7)+(E7-WEEKDAY(DATE(YEAR(Setup!$C$4),MONTH(Setup!$C$4),DAY(Setup!$C$4)),1))) | J7: =I7+3 | K7: =(I7 + (7 - WEEKDAY(I7,1))) + 1 | M7: Grader Issued 0: W01 Project | N7: This student received a grader-issued “0” on the W01 Project. This is likely caused by the student submitting a blank template, wrong assignment, a plagiarized version of the assignment, or struggling so significantly that no outcomes were met. Log into Canvas gradebook and review notes left by the grader. Send a message to the student and work with the student to get the assignment resubmitted for grading.
A8: CSEPC110 | B8: High Performance | C8: W01 Project: Clever Stories | D8: 2 | E8: 5 | F8: 100 | G8: 0.8 | H8: y | I8: =DATE(YEAR(Setup!$C$4),MONTH(Setup!$C$4),DAY(Setup!$C$4)+((D8-1)*7)+(E8-WEEKDAY(DATE(YEAR(Setup!$C$4),MONTH(Setup!$C$4),DAY(Setup!$C$4)),1))) | J8: =I8+3 | K8: =(I8 + (7 - WEEKDAY(I8,1))) + 1 | L8: =F8*G8 | M8: High-Performance: W01 Project | N8: This student scored 80% or higher on the W01 Project: Clever Stories. Send a message of praise and encouragement for effort and good performance on this assignment.
A9: CSEPC110 | B9: Low Performance | C9: W01 Project: Clever Stories | D9: 2 | E9: 5 | F9: 100 | G9: 0.8 | H9: y | I9: =DATE(YEAR(Setup!$C$4),MONTH(Setup!$C$4),DAY(Setup!$C$4)+((D9-1)*7)+(E9-WEEKDAY(DATE(YEAR(Setup!$C$4),MONTH(Setup!$C$4),DAY(Setup!$C$4)),1))) | J9: =I9+3 | K9: =(I9 + (7 - WEEKDAY(I9,1))) + 1 | L9: =F9*G9 | M9: Outcomes Not Met: W01 Project | N9: This student scored less than 80% on the W01 Project: Clever Stories. Send a message to this student offering some form of help so he/she can be more successful on this assignment and resubmit.
A10: CSEPC110 | B10: Missing Assignment | C10: W02 Project: Meal Price Calculator | D10: 3 | E10: 1 | H10: y | I10: =DATE(YEAR(Setup!$C$4),MONTH(Setup!$C$4),DAY(Setup!$C$4)+((D10-1)*7)+(E10-WEEKDAY(DATE(YEAR(Setup!$C$4),MONTH(Setup!$C$4),DAY(Setup!$C$4)),1))) | J10: =I10+3 | K10: =(I10 + (7 - WEEKDAY(I10,1))) + 1 | M10: Missing W02 Project: Meal Price Calculator | N10: Missing W02 Project: Meal Price Calculator. Send a message to check in with this student and encourage timely submission of the missing assignment
A11: CSEPC110 | B11: Quiz Question | C11: W02 Reflection: NeedHelp Answer: Yes | D11: 3 | E11: 2 | H11: y | I11: =DATE(YEAR(Setup!$C$4),MONTH(Setup!$C$4),DAY(Setup!$C$4)+((D11-1)*7)+(E11-WEEKDAY(DATE(YEAR(Setup!$C$4),MONTH(Setup!$C$4),DAY(Setup!$C$4)),1))) | J11: =I11+3 | K11: =(I11 + (7 - WEEKDAY(I11,1))) + 1 | L11: 0 | M11: Response to W02 Reflection - Student responded they are overwhelmed. | N11: Student responded feeling overwhelmed to W02 Reflection. Reach out to student to see how you can help.
A12: CSEPC110 | B12: Grader-Issued 0 | C12: W02 Project: Meal Price Calculator | D12: 3 | E12: 5 | H12: y | I12: =DATE(YEAR(Setup!$C$4),MONTH(Setup!$C$4),DAY(Setup!$C$4)+((D12-1)*7)+(E12-WEEKDAY(DATE(YEAR(Setup!$C$4),MONTH(Setup!$C$4),DAY(Setup!$C$4)),1))) | J12: =I12+3 | K12: =(I12 + (7 - WEEKDAY(I12,1))) + 1 | M12: Grader Issued 0: W02 Project | N12: This student received a grader-issued “0” on the W02 Project. This is likely caused by the student submitting a blank template, wrong assignment, a plagiarized version of the assignment, or struggling so significantly that no outcomes were met. Log into Canvas gradebook and review notes left by the grader. Send a message to the student and work with the student to get the assignment resubmitted for grading.
A13: CSEPC110 | B13: High Performance | C13: W02 Project: Meal Price Calculator | D13: 3 | E13: 5 | F13: 100 | G13: 0.8 | H13: y | I13: =DATE(YEAR(Setup!$C$4),MONTH(Setup!$C$4),DAY(Setup!$C$4)+((D13-1)*7)+(E13-WEEKDAY(DATE(YEAR(Setup!$C$4),MONTH(Setup!$C$4),DAY(Setup!$C$4)),1))) | J13: =I13+3 | K13: =(I13 + (7 - WEEKDAY(I13,1))) + 1 | L13: =F13*G13 | M13: High-Performance: W02 Project | N13: This student scored 80% or higher on the W02 Project: Meat Price Calculator. Send a message of praise and encouragement for effort and good performance on this assignment.
A14: CSEPC110 | B14: Low Performance | C14: W02 Project: Meal Price Calculator | D14: 3 | E14: 5 | F14: 100 | G14: 0.8 | H14: y | I14: =DATE(YEAR(Setup!$C$4),MONTH(Setup!$C$4),DAY(Setup!$C$4)+((D14-1)*7)+(E14-WEEKDAY(DATE(YEAR(Setup!$C$4),MONTH(Setup!$C$4),DAY(Setup!$C$4)),1))) | J14: =I14+3 | K14: =(I14 + (7 - WEEKDAY(I14,1))) + 1 | L14: =F14*G14 | M14: Outcomes Not Met: W02 Project | N14: This student scored less than 80% on the W02 Project: Meal Price Calculator. Send a message to this student offering some form of help so he/she can be more successful on this assignment and resubmit.
A15: CSEPC110 | B15: Missing Assignment | C15: W03 Project: Adventure Game | D15: 4 | E15: 1 | H15: y | I15: =DATE(YEAR(Setup!$C$4),MONTH(Setup!$C$4),DAY(Setup!$C$4)+((D15-1)*7)+(E15-WEEKDAY(DATE(YEAR(Setup!$C$4),MONTH(Setup!$C$4),DAY(Setup!$C$4)),1))) | J15: =I15+3 | K15: =(I15 + (7 - WEEKDAY(I15,1))) + 1 | M15: Missing W03 Project: Adventure Game | N15: Missing W03 Project: Adventure Game. Send a message to check in with this student and encourage timely submission of the missing assignment
A16: CSEPC110 | B16: Quiz Question | C16: W03 Reflection: NeedHelp Answer: Yes | D16: 4 | E16: 2 | H16: y | I16: =DATE(YEAR(Setup!$C$4),MONTH(Setup!$C$4),DAY(Setup!$C$4)+((D16-1)*7)+(E16-WEEKDAY(DATE(YEAR(Setup!$C$4),MONTH(Setup!$C$4),DAY(Setup!$C$4)),1))) | J16: =I16+3 | K16: =(I16 + (7 - WEEKDAY(I16,1))) + 1 | L16: 0 | M16: Response to W03 Reflection - Student responded they are overwhelmed. | N16: Student responded feeling overwhelmed to W03 Reflection. Reach out to student to see how you can help.
A17: CSEPC110 | B17: Scheduled - Low Current Grade | C17: Withdraw Deadline Reminder | D17: 4 | E17: 4 | H17: y | I17: =DATE(YEAR(Setup!$C$4),MONTH(Setup!$C$4),DAY(Setup!$C$4)+((D17-1)*7)+(E17-WEEKDAY(DATE(YEAR(Setup!$C$4),MONTH(Setup!$C$4),DAY(Setup!$C$4)),1))) | J17: =I17+3 | K17: =(I17 + (7 - WEEKDAY(I17,1))) + 1 | L17: 0 | M17: Failing student. Withdraw Reminder | N17: Email students who are currently failing with little chance to catch up, reminding them of the withdraw deadline.
A18: CSEPC110 | B18: Grader-Issued 0 | C18: W03 Project: Adventure Game | D18: 4 | E18: 5 | H18: y | I18: =DATE(YEAR(Setup!$C$4),MONTH(Setup!$C$4),DAY(Setup!$C$4)+((D18-1)*7)+(E18-WEEKDAY(DATE(YEAR(Setup!$C$4),MONTH(Setup!$C$4),DAY(Setup!$C$4)),1))) | J18: =I18+3 | K18: =(I18 + (7 - WEEKDAY(I18,1))) + 1 | M18: Grader Issued 0: W03 Project | N18: This student received a grader-issued “0” on the W03 Project. This is likely caused by the student submitting a blank template, wrong assignment, a plagiarized version of the assignment, or struggling so significantly that no outcomes were met. Log into Canvas gradebook and review notes left by the grader. Send a message to the student and work with the student to get the assignment resubmitted for grading.
A19: CSEPC110 | B19: High Performance | C19: W03 Project: Adventure Game | D19: 4 | E19: 5 | F19: 100 | G19: 0.8 | H19: y | I19: =DATE(YEAR(Setup!$C$4),MONTH(Setup!$C$4),DAY(Setup!$C$4)+((D19-1)*7)+(E19-WEEKDAY(DATE(YEAR(Setup!$C$4),MONTH(Setup!$C$4),DAY(Setup!$C$4)),1))) | J19: =I19+3 | K19: =(I19 + (7 - WEEKDAY(I19,1))) + 1 | L19: =F19*G19 | M19: High-Performance: W03 Project | N19: This student scored 80% or higher on the W03 Project: Adventure Game. Send a message of praise and encouragement for effort and good performance on this assignment.
A20: CSEPC110 | B20: Low Performance | C20: W03 Project: Adventure Game | D20: 4 | E20: 5 | F20: 100 | G20: 0.8 | H20: y | I20: =DATE(YEAR(Setup!$C$4),MONTH(Setup!$C$4),DAY(Setup!$C$4)+((D20-1)*7)+(E20-WEEKDAY(DATE(YEAR(Setup!$C$4),MONTH(Setup!$C$4),DAY(Setup!$C$4)),1))) | J20: =I20+3 | K20: =(I20 + (7 - WEEKDAY(I20,1))) + 1 | L20: =F20*G20 | M20: Outcomes Not Met: W03 Project | N20: This student scored less than 80% on the W03 Project: Adventure Game. Send a message to this student offering some form of help so he/she can be more successful on this assignment and resubmit.
A21: CSEPC110 | B21: Missing Assignment | C21: W04 Project: Word Puzzle | D21: 5 | E21: 1 | H21: y | I21: =DATE(YEAR(Setup!$C$4),MONTH(Setup!$C$4),DAY(Setup!$C$4)+((D21-1)*7)+(E21-WEEKDAY(DATE(YEAR(Setup!$C$4),MONTH(Setup!$C$4),DAY(Setup!$C$4)),1))) | J21: =I21+3 | K21: =(I21 + (7 - WEEKDAY(I21,1))) + 1 | M21: Missing W04 Project: Word Puzzle | N21: Missing W04 Project: Word Puzzle. Send a message to check in with this student and encourage timely submission of the missing assignment
A22: CSEPC110 | B22: Quiz Question | C22: W04 Reflection: NeedHelp Answer: Yes | D22: 5 | E22: 2 | H22: y | I22: =DATE(YEAR(Setup!$C$4),MONTH(Setup!$C$4),DAY(Setup!$C$4)+((D22-1)*7)+(E22-WEEKDAY(DATE(YEAR(Setup!$C$4),MONTH(Setup!$C$4),DAY(Setup!$C$4)),1))) | J22: =I22+3 | K22: =(I22 + (7 - WEEKDAY(I22,1))) + 1 | L22: 0 | M22: Response to W04 Reflection - Student responded they are overwhelmed. | N22: Student responded feeling overwhelmed to W04 Reflection. Reach out to student to see how you can help.
A23: CSEPC110 | B23: Grader-Issued 0 | C23: W04 Project: Word Puzzle | D23: 5 | E23: 5 | H23: y | I23: =DATE(YEAR(Setup!$C$4),MONTH(Setup!$C$4),DAY(Setup!$C$4)+((D23-1)*7)+(E23-WEEKDAY(DATE(YEAR(Setup!$C$4),MONTH(Setup!$C$4),DAY(Setup!$C$4)),1))) | J23: =I23+3 | K23: =(I23 + (7 - WEEKDAY(I23,1))) + 1 | M23: Grader Issued 0: W04 Project | N23: This student received a grader-issued “0” on the W04 Project. This is likely caused by the student submitting a blank template, wrong assignment, a plagiarized version of the assignment, or struggling so significantly that no outcomes were met. Log into Canvas gradebook and review notes left by the grader. Send a message to the student and work with the student to get the assignment resubmitted for grading.
A24: CSEPC110 | B24: High Performance | C24: W04 Project: Word Puzzle | D24: 5 | E24: 5 | F24: 100 | G24: 0.8 | H24: y | I24: =DATE(YEAR(Setup!$C$4),MONTH(Setup!$C$4),DAY(Setup!$C$4)+((D24-1)*7)+(E24-WEEKDAY(DATE(YEAR(Setup!$C$4),MONTH(Setup!$C$4),DAY(Setup!$C$4)),1))) | J24: =I24+3 | K24: =(I24 + (7 - WEEKDAY(I24,1))) + 1 | L24: =F24*G24 | M24: High-Performance: W04 Project | N24: This student scored 80% or higher on the W04 Project: Word Puzzle. Send a message of praise and encouragement for effort and good performance on this assignment.
A25: CSEPC110 | B25: Low Performance | C25: W04 Project: Word Puzzle | D25: 5 | E25: 5 | F25: 100 | G25: 0.8 | H25: y | I25: =DATE(YEAR(Setup!$C$4),MONTH(Setup!$C$4),DAY(Setup!$C$4)+((D25-1)*7)+(E25-WEEKDAY(DATE(YEAR(Setup!$C$4),MONTH(Setup!$C$4),DAY(Setup!$C$4)),1))) | J25: =I25+3 | K25: =(I25 + (7 - WEEKDAY(I25,1))) + 1 | L25: =F25*G25 | M25: Outcomes Not Met: W04 Project | N25: This student scored less than 80% on the W04 Project: Word Puzzle. Send a message to this student offering some form of help so he/she can be more successful on this assignment and resubmit.
A26: CSEPC110 | B26: Missing Assignment | C26: W05 Project: Shopping Cart | D26: 6 | E26: 1 | H26: y | I26: =DATE(YEAR(Setup!$C$4),MONTH(Setup!$C$4),DAY(Setup!$C$4)+((D26-1)*7)+(E26-WEEKDAY(DATE(YEAR(Setup!$C$4),MONTH(Setup!$C$4),DAY(Setup!$C$4)),1))) | J26: =I26+3 | K26: =(I26 + (7 - WEEKDAY(I26,1))) + 1 | M26: Missing W05 Project: Shopping Cart | N26: Missing W05 Project: Shopping Cart. Send a message to check in with this student and encourage timely submission of the missing assignment
A27: CSEPC110 | B27: Quiz Question | C27: W05 Reflection: NeedHelp Answer: Yes | D27: 6 | E27: 2 | H27: y | I27: =DATE(YEAR(Setup!$C$4),MONTH(Setup!$C$4),DAY(Setup!$C$4)+((D27-1)*7)+(E27-WEEKDAY(DATE(YEAR(Setup!$C$4),MONTH(Setup!$C$4),DAY(Setup!$C$4)),1))) | J27: =I27+3 | K27: =(I27 + (7 - WEEKDAY(I27,1))) + 1 | L27: 0 | M27: Response to W05 Reflection - Student responded they are overwhelmed. | N27: Student responded feeling overwhelmed to W05 Reflection. Reach out to student to see how you can help.
A28: CSEPC110 | B28: Grader-Issued 0 | C28: W05 Project: Shopping Cart | D28: 6 | E28: 5 | H28: y | I28: =DATE(YEAR(Setup!$C$4),MONTH(Setup!$C$4),DAY(Setup!$C$4)+((D28-1)*7)+(E28-WEEKDAY(DATE(YEAR(Setup!$C$4),MONTH(Setup!$C$4),DAY(Setup!$C$4)),1))) | J28: =I28+3 | K28: =(I28 + (7 - WEEKDAY(I28,1))) + 1 | M28: Grader Issued 0: W05 Project | N28: This student received a grader-issued “0” on the W05 Project. This is likely caused by the student submitting a blank template, wrong assignment, a plagiarized version of the assignment, or struggling so significantly that no outcomes were met. Log into Canvas gradebook and review notes left by the grader. Send a message to the student and work with the student to get the assignment resubmitted for grading.
A29: CSEPC110 | B29: High Performance | C29: W05 Project: Shopping Cart | D29: 6 | E29: 5 | F29: 100 | G29: 0.8 | H29: y | I29: =DATE(YEAR(Setup!$C$4),MONTH(Setup!$C$4),DAY(Setup!$C$4)+((D29-1)*7)+(E29-WEEKDAY(DATE(YEAR(Setup!$C$4),MONTH(Setup!$C$4),DAY(Setup!$C$4)),1))) | J29: =I29+3 | K29: =(I29 + (7 - WEEKDAY(I29,1))) + 1 | L29: =F29*G29 | M29: High-Performance: W05 Project | N29: This student scored 80% or higher on the W05 Project: Shopping Cart. Send a message of praise and encouragement for effort and good performance on this assignment.
A30: CSEPC110 | B30: Low Performance | C30: W05 Project: Shopping Cart | D30: 6 | E30: 5 | F30: 100 | G30: 0.8 | H30: y | I30: =DATE(YEAR(Setup!$C$4),MONTH(Setup!$C$4),DAY(Setup!$C$4)+((D30-1)*7)+(E30-WEEKDAY(DATE(YEAR(Setup!$C$4),MONTH(Setup!$C$4),DAY(Setup!$C$4)),1))) | J30: =I30+3 | K30: =(I30 + (7 - WEEKDAY(I30,1))) + 1 | L30: =F30*G30 | M30: Outcomes Not Met: W05 Project | N30: This student scored less than 80% on the W05 Project: Shopping Cart. Send a message to this student offering some form of help so he/she can be more successful on this assignment and resubmit.
A31: CSEPC110 | B31: Scheduled - Classwide | C31: Course Closing Reminder | D31: 7 | E31: 1 | H31: y | I31: =DATE(YEAR(Setup!$C$4),MONTH(Setup!$C$4),DAY(Setup!$C$4)+((D31-1)*7)+(E31-WEEKDAY(DATE(YEAR(Setup!$C$4),MONTH(Setup!$C$4),DAY(Setup!$C$4)),1))) | J31: =I31+3 | K31: =(I31 + (7 - WEEKDAY(I31,1))) + 1 | M31: Course Closing Reminder | N31: Send a message to your students, reminding them that the course is closing this week and of the due dates they must meet to get assignments in and applied to their final grade.
A32: CSEPC110 | B32: Scheduled - Classwide | C32: Registration Reminder 2 | D32: 7 | E32: 1 | H32: y | I32: =DATE(YEAR(Setup!$C$4),MONTH(Setup!$C$4),DAY(Setup!$C$4)+((D32-1)*7)+(E32-WEEKDAY(DATE(YEAR(Setup!$C$4),MONTH(Setup!$C$4),DAY(Setup!$C$4)),1))) | J32: =I32+3 | K32: =(I32 + (7 - WEEKDAY(I32,1))) + 1 | L32: 0 | M32: Registration Reminder 2 | N32: Send a message to all students, reminding them that registration for the next block is still open, but will be closing soon. Encourage them to go in and register as soon as possible.
A33: CSEPC110 | B33: Scheduled - Classwide | C33: End of Block Reminder | D33: 7 | E33: 2 | H33: y | I33: =DATE(YEAR(Setup!$C$4),MONTH(Setup!$C$4),DAY(Setup!$C$4)+((D33-1)*7)+(E33-WEEKDAY(DATE(YEAR(Setup!$C$4),MONTH(Setup!$C$4),DAY(Setup!$C$4)),1))) | J33: =I33+3 | K33: =(I33 + (7 - WEEKDAY(I33,1))) + 1 | L33: #VALUE! | M33: End of Block Reminder | N33: Remind Students the course will be closing, submit assignments by deadline, complete End-of-Course Evaluation

Sheet CSEPC110M
A1: Course | B1: Action Type | C1: Assignment | D1: Week of Outreach | E1: Day of Outreach | F1: Points Possible | G1: % + or - for Outreach | H1: Configured | I1: Start Date | J1: Due Date | K1: Expire Date | L1: Score | M1: Reason for Outreach Title (Drop Down in IMS) | N1: Description/Prompt in IMS | O1: Description/Prompt in IMS
A2: CSEPC110M | B2: New Student Added | C2: New Student Added | D2: 0 | E2: 2 | J2: =DATE(YEAR(Setup!$C$4),MONTH(Setup!$C$4),DAY(Setup!$C$4)+((D2-1)*7)+(E2-WEEKDAY(DATE(YEAR(Setup!$C$4),MONTH(Setup!$C$4),DAY(Setup!$C$4)),1))) | K2: =J2+3 | L2: =(J2 + (7 - WEEKDAY(J2,1))) + 1 | M2: =F2*G2 | N2: New Student Added | O2: Send a message to new students to welcome them to class and help them submit any assignments they missed.
A3: CSEPC110M | B3: Grader-Issued 0 | C3: 1.4 Project: Clever Stories | D3: 1 | E3: 1 | I3: 45906.999 | J3: =DATE(YEAR(Setup!$C$4),MONTH(Setup!$C$4),DAY(Setup!$C$4)+((D3-1)*7)+(E3-WEEKDAY(DATE(YEAR(Setup!$C$4),MONTH(Setup!$C$4),DAY(Setup!$C$4)),1))) | K3: =J3+3 | L3: =I3+14 | M3: =F3*G3 | N3: Outcomes Not Met: 1.4 Project | O3: This student did not meet the outcomes of this assignment. Send a message to this student offering some form of help so he/she can be more successful on this assignment and resubmit.
A4: CSEPC110M | B4: Grader-Issued 0 | C4: 2.4 Project: Meal Price Calculator | D4: 1 | E4: 1 | I4: 45913.999 | J4: =DATE(YEAR(Setup!$C$4),MONTH(Setup!$C$4),DAY(Setup!$C$4)+((D4-1)*7)+(E4-WEEKDAY(DATE(YEAR(Setup!$C$4),MONTH(Setup!$C$4),DAY(Setup!$C$4)),1))) | K4: =J4+3 | L4: =I4+14 | M4: =F4*G4 | N4: Outcomes Not Met: 2.4 Project | O4: This student did not meet the outcomes of this assignment. Send a message to this student offering some form of help so he/she can be more successful on this assignment and resubmit.
A5: CSEPC110M | B5: Grader-Issued 0 | C5: 3.4 Project: Adventure Game | D5: 1 | E5: 1 | I5: 45920.999 | J5: =DATE(YEAR(Setup!$C$4),MONTH(Setup!$C$4),DAY(Setup!$C$4)+((D5-1)*7)+(E5-WEEKDAY(DATE(YEAR(Setup!$C$4),MONTH(Setup!$C$4),DAY(Setup!$C$4)),1))) | K5: =J5+3 | L5: =I5+14 | M5: =F5*G5 | N5: Outcomes Not Met: 3.4 Project | O5: This student did not meet the outcomes of this assignment. Send a message to this student offering some form of help so he/she can be more successful on this assignment and resubmit.
A6: CSEPC110M | B6: Grader-Issued 0 | C6: 4.4 Project: Word Puzzle | D6: 1 | E6: 1 | I6: 45927.999 | J6: =DATE(YEAR(Setup!$C$4),MONTH(Setup!$C$4),DAY(Setup!$C$4)+((D6-1)*7)+(E6-WEEKDAY(DATE(YEAR(Setup!$C$4),MONTH(Setup!$C$4),DAY(Setup!$C$4)),1))) | K6: =J6+3 | L6: =I6+14 | M6: =F6*G6 | N6: Outcomes Not Met: 4.4 Project | O6: This student did not meet the outcomes of this assignment. Send a message to this student offering some form of help so he/she can be more successful on this assignment and resubmit.
A7: CSEPC110M | B7: Grader-Issued 0 | C7: 5.4 Project: Shopping Cart | D7: 1 | E7: 1 | I7: 45934.999 | J7: =DATE(YEAR(Setup!$C$4),MONTH(Setup!$C$4),DAY(Setup!$C$4)+((D7-1)*7)+(E7-WEEKDAY(DATE(YEAR(Setup!$C$4),MONTH(Setup!$C$4),DAY(Setup!$C$4)),1))) | K7: =J7+3 | L7: =I7+14 | M7: =F7*G7 | N7: Outcomes Not Met: 5.4 Project | O7: This student did not meet the outcomes of this assignment. Send a message to this student offering some form of help so he/she can be more successful on this assignment and resubmit.
A8: CSEPC110M | B8: Grader-Issued 0 | C8: A1.4 Project: Data Analysis | D8: 1 | E8: 1 | I8: 45941.999 | J8: =DATE(YEAR(Setup!$C$4),MONTH(Setup!$C$4),DAY(Setup!$C$4)+((D8-1)*7)+(E8-WEEKDAY(DATE(YEAR(Setup!$C$4),MONTH(Setup!$C$4),DAY(Setup!$C$4)),1))) | K8: =J8+3 | L8: =I8+14 | M8: =F8*G8 | N8: Outcomes Not Met: A1.4 Project | O8: This student did not meet the outcomes of this assignment. Send a message to this student offering some form of help so he/she can be more successful on this assignment and resubmit.
A9: CSEPC110M | B9: Grader-Issued 0 | C9: A2.4 Project: Windchill | D9: 1 | E9: 1 | I9: 45945.999 | J9: =DATE(YEAR(Setup!$C$4),MONTH(Setup!$C$4),DAY(Setup!$C$4)+((D9-1)*7)+(E9-WEEKDAY(DATE(YEAR(Setup!$C$4),MONTH(Setup!$C$4),DAY(Setup!$C$4)),1))) | K9: =J9+3 | L9: =I9+14 | M9: =F9*G9 | N9: Outcomes Not Met: A2.4 Project | O9: This student did not meet the outcomes of this assignment. Send a message to this student offering some form of help so he/she can be more successful on this assignment and resubmit.
A10: CSEPC110M | B10: High Performance | C10: 1.4 Project: Clever Stories | D10: 1 | E10: 1 | F10: 100 | G10: 1 | I10: 45906.999 | J10: =DATE(YEAR(Setup!$C$4),MONTH(Setup!$C$4),DAY(Setup!$C$4)+((D10-1)*7)+(E10-WEEKDAY(DATE(YEAR(Setup!$C$4),MONTH(Setup!$C$4),DAY(Setup!$C$4)),1))) | K10: =J10+3 | L10: =I10+14 | M10: =F10*G10 | N10: High-Performance: 1.4 Project | O10: This student met the outcomes of this assignment. Send a message of praise and encouragement for effort and good performance on this assignment.
A11: CSEPC110M | B11: High Performance | C11: 2.4 Project: Meal Price Calculator | D11: 1 | E11: 1 | F11: 100 | G11: 1 | I11: 45913.999 | J11: =DATE(YEAR(Setup!$C$4),MONTH(Setup!$C$4),DAY(Setup!$C$4)+((D11-1)*7)+(E11-WEEKDAY(DATE(YEAR(Setup!$C$4),MONTH(Setup!$C$4),DAY(Setup!$C$4)),1))) | K11: =J11+3 | L11: =I11+14 | M11: =F11*G11 | N11: High-Performance: 2.4 Project | O11: This student met the outcomes of this assignment. Send a message of praise and encouragement for effort and good performance on this assignment.
A12: CSEPC110M | B12: High Performance | C12: 3.4 Project: Adventure Game | D12: 1 | E12: 1 | F12: 100 | G12: 1 | I12: 45920.999 | J12: =DATE(YEAR(Setup!$C$4),MONTH(Setup!$C$4),DAY(Setup!$C$4)+((D12-1)*7)+(E12-WEEKDAY(DATE(YEAR(Setup!$C$4),MONTH(Setup!$C$4),DAY(Setup!$C$4)),1))) | K12: =J12+3 | L12: =I12+14 | M12: =F12*G12 | N12: High-Performance: 3.4 Project | O12: This student met the outcomes of this assignment. Send a message of praise and encouragement for effort and good performance on this assignment.
A13: CSEPC110M | B13: High Performance | C13: 4.4 Project: Word Puzzle | D13: 1 | E13: 1 | F13: 100 | G13: 1 | I13: 45927.999 | J13: =DATE(YEAR(Setup!$C$4),MONTH(Setup!$C$4),DAY(Setup!$C$4)+((D13-1)*7)+(E13-WEEKDAY(DATE(YEAR(Setup!$C$4),MONTH(Setup!$C$4),DAY(Setup!$C$4)),1))) | K13: =J13+3 | L13: =I13+14 | M13: =F13*G13 | N13: High-Performance: 4.4 Project | O13: This student met the outcomes of this assignment. Send a message of praise and encouragement for effort and good performance on this assignment.
A14: CSEPC110M | B14: High Performance | C14: 5.4 Project: Shopping Cart | D14: 1 | E14: 1 | F14: 100 | G14: 1 | I14: 45934.999 | J14: =DATE(YEAR(Setup!$C$4),MONTH(Setup!$C$4),DAY(Setup!$C$4)+((D14-1)*7)+(E14-WEEKDAY(DATE(YEAR(Setup!$C$4),MONTH(Setup!$C$4),DAY(Setup!$C$4)),1))) | K14: =J14+3 | L14: =I14+14 | M14: =F14*G14 | N14: High-Performance: 5.4 Project | O14: This student met the outcomes of this assignment. Send a message of praise and encouragement for effort and good performance on this assignment.
A15: CSEPC110M | B15: High Performance | C15: A1.4 Project: Data Analysis | D15: 1 | E15: 1 | F15: 100 | G15: 1 | I15: 45941.999 | J15: =DATE(YEAR(Setup!$C$4),MONTH(Setup!$C$4),DAY(Setup!$C$4)+((D15-1)*7)+(E15-WEEKDAY(DATE(YEAR(Setup!$C$4),MONTH(Setup!$C$4),DAY(Setup!$C$4)),1))) | K15: =J15+3 | L15: =I15+14 | M15: =F15*G15 | N15: High-Performance: A1.4 Project | O15: This student did the extra work to meet the outcomes of this advanced assignment. Send a message of praise and encouragement for effort and good performance on this assignment.
A16: CSEPC110M | B16: High Performance | C16: A2.4 Project: Windchill | D16: 1 | E16: 1 | F16: 100 | G16: 1 | I16: 45945.999 | J16: =DATE(YEAR(Setup!$C$4),MONTH(Setup!$C$4),DAY(Setup!$C$4)+((D16-1)*7)+(E16-WEEKDAY(DATE(YEAR(Setup!$C$4),MONTH(Setup!$C$4),DAY(Setup!$C$4)),1))) | K16: =J16+3 | L16: =I16+14 | M16: =F16*G16 | N16: High-Performance: A2.4 Project | O16: This student did the extra work to meet the outcomes of this advanced assignment. Send a message of praise and encouragement for effort and good performance on this assignment.
A17: CSEPC110M | B17: Quiz Question | C17: 1.2 Code-along Activity: ID Badge Generator; Question 1: Does the program you wrote run without errors; Answer: No | D17: 1 | E17: 1 | I17: 45904.999 | J17: =DATE(YEAR(Setup!$C$4),MONTH(Setup!$C$4),DAY(Setup!$C$4)+((D17-1)*7)+(E17-WEEKDAY(DATE(YEAR(Setup!$C$4),MONTH(Setup!$C$4),DAY(Setup!$C$4)),1))) | K17: =J17+3 | L17: =I17+14 | M17: =F17*G17 | N17: 1.2 Code-along: Program Has Errors | O17: This student indicated in their Code-along Activity that the program they created contains errors and/or is missing some of the required functionality. This could be predictive of challenges this student could encounter on their upcoming Project assignment. Check in with this student and offer help.
A18: CSEPC110M | B18: Quiz Question | C18: 2.2 Code-along Activity: Areas of Shapes; ; Question 1: Does the program you wrote run without errors; Answer: No | D18: 1 | E18: 1 | I18: 45911.999 | J18: =DATE(YEAR(Setup!$C$4),MONTH(Setup!$C$4),DAY(Setup!$C$4)+((D18-1)*7)+(E18-WEEKDAY(DATE(YEAR(Setup!$C$4),MONTH(Setup!$C$4),DAY(Setup!$C$4)),1))) | K18: =J18+3 | L18: =I18+14 | M18: =F18*G18 | N18: 2.2 Code-along: Program Has Errors | O18: This student indicated in their Code-along Activity that the program they created contains errors and/or is missing some of the required functionality. This could be predictive of challenges this student could encounter on their upcoming Project assignment. Check in with this student and offer help.
A19: CSEPC110M | B19: Quiz Question | C19: 3.2 Code-along Activity: Grade Calculator Program; Question 1: Does the program you wrote run without errors; Answer: No | D19: 1 | E19: 1 | I19: 45918.999 | J19: =DATE(YEAR(Setup!$C$4),MONTH(Setup!$C$4),DAY(Setup!$C$4)+((D19-1)*7)+(E19-WEEKDAY(DATE(YEAR(Setup!$C$4),MONTH(Setup!$C$4),DAY(Setup!$C$4)),1))) | K19: =J19+3 | L19: =I19+14 | M19: =F19*G19 | N19: 3.2 Code-along: Program Has Errors | O19: This student indicated in their Code-along Activity that the program they created contains errors and/or is missing some of the required functionality. This could be predictive of challenges this student could encounter on their upcoming Project assignment. Check in with this student and offer help.
A20: CSEPC110M | B20: Quiz Question | C20: 4.2 Code-along Activity: Guess My Number Game; Question 1: Does the program you wrote run without errors; Answer: No | D20: 1 | E20: 1 | I20: 45925.999 | J20: =DATE(YEAR(Setup!$C$4),MONTH(Setup!$C$4),DAY(Setup!$C$4)+((D20-1)*7)+(E20-WEEKDAY(DATE(YEAR(Setup!$C$4),MONTH(Setup!$C$4),DAY(Setup!$C$4)),1))) | K20: =J20+3 | L20: =I20+14 | M20: =F20*G20 | N20: 4.2 Code-along: Program Has Errors | O20: This student indicated in their Code-along Activity that the program they created contains errors and/or is missing some of the required functionality. This could be predictive of challenges this student could encounter on their upcoming Project assignment. Check in with this student and offer help.
A21: CSEPC110M | B21: Quiz Question | C21: 5.2 Code-along Activity: Lists of Numbers; Question 1: Does the program you wrote run without errors; Answer: No | D21: 1 | E21: 1 | I21: 45932.999 | J21: =DATE(YEAR(Setup!$C$4),MONTH(Setup!$C$4),DAY(Setup!$C$4)+((D21-1)*7)+(E21-WEEKDAY(DATE(YEAR(Setup!$C$4),MONTH(Setup!$C$4),DAY(Setup!$C$4)),1))) | K21: =J21+3 | L21: =I21+14 | M21: =F21*G21 | N21: 5.2 Code-along: Program Has Errors | O21: This student indicated in their Code-along Activity that the program they created contains errors and/or is missing some of the required functionality. This could be predictive of challenges this student could encounter on their upcoming Project assignment. Check in with this student and offer help.
A22: CSEPC110M | B22: Quiz Question | C22: A1.2 Code-along Activity: Human Resource System; Question 1: Does the program you wrote run without errors; Answer: No | D22: 1 | E22: 1 | I22: 45939.999 | J22: =DATE(YEAR(Setup!$C$4),MONTH(Setup!$C$4),DAY(Setup!$C$4)+((D22-1)*7)+(E22-WEEKDAY(DATE(YEAR(Setup!$C$4),MONTH(Setup!$C$4),DAY(Setup!$C$4)),1))) | K22: =J22+3 | L22: =I22+14 | M22: =F22*G22 | N22: A1.2 Code-along: Program Has Errors | O22: This student indicated in their Code-along Activity that the program they created contains errors and/or is missing some of the required functionality. This could be predictive of challenges this student could encounter on their upcoming Project assignment. Check in with this student and offer help.
A23: CSEPC110M | B23: Quiz Question | C23: A2.2 Code-along Activity: Personal Budget; Question 1: Does the program you wrote run without errors; Answer: No | D23: 1 | E23: 1 | I23: 45944.999 | J23: =DATE(YEAR(Setup!$C$4),MONTH(Setup!$C$4),DAY(Setup!$C$4)+((D23-1)*7)+(E23-WEEKDAY(DATE(YEAR(Setup!$C$4),MONTH(Setup!$C$4),DAY(Setup!$C$4)),1))) | K23: =J23+3 | L23: =I23+14 | M23: =F23*G23 | N23: A2.2 Code-along: Program Has Errors | O23: This student indicated in their Code-along Activity that the program they created contains errors and/or is missing some of the required functionality. This could be predictive of challenges this student could encounter on their upcoming Project assignment. Check in with this student and offer help.
A24: CSEPC110M | B24: Scheduled - Not Logged In | C24: Not Logged into Canvas | D24: 1 | E24: 4 | J24: =DATE(YEAR(Setup!$C$4),MONTH(Setup!$C$4),DAY(Setup!$C$4)+((D24-1)*7)+(E24-WEEKDAY(DATE(YEAR(Setup!$C$4),MONTH(Setup!$C$4),DAY(Setup!$C$4)),1))) | K24: =J24+3 | L24: =(J24 + (7 - WEEKDAY(J24,1))) + 1 | M24: =F24*G24 | N24: Not Logged Into Canvas | O24: Send a message (outside of Canvas) to students who have not logged into Canvas encouraging them to log in before Monday of Week 2.
A25: CSEPC110M | B25: Missing Assignment | C25: 1.1 Learning Activities: Input/Output | D25: 2 | E25: 1 | I25: 45904.999 | J25: =DATE(YEAR(Setup!$C$4),MONTH(Setup!$C$4),DAY(Setup!$C$4)+((D25-1)*7)+(E25-WEEKDAY(DATE(YEAR(Setup!$C$4),MONTH(Setup!$C$4),DAY(Setup!$C$4)),1))) | K25: =J25+3 | L25: =I25+14 | M25: =F25*G25 | N25: Missing 1.1 Learning Activities | O25: This student is falling behind the recommended schedule for this course. Check in with this student, offer help, and send a message of encouragement for the student to submit this assignment.
A26: CSEPC110M | B26: Missing Assignment | C26: 1.2 Code-along Activity: ID Badge Generator | D26: 2 | E26: 1 | I26: 45904.999 | J26: =DATE(YEAR(Setup!$C$4),MONTH(Setup!$C$4),DAY(Setup!$C$4)+((D26-1)*7)+(E26-WEEKDAY(DATE(YEAR(Setup!$C$4),MONTH(Setup!$C$4),DAY(Setup!$C$4)),1))) | K26: =J26+3 | L26: =I26+14 | M26: =F26*G26 | N26: Missing 1.2 Code-along Activity | O26: This student is falling behind the recommended schedule for this course. Check in with this student, offer help, and send a message of encouragement for the student to submit this assignment.
A27: CSEPC110M | B27: Missing Assignment | C27: 1.3.1 Quiz: Input/Output - Basic Understanding | D27: 2 | E27: 1 | I27: 45904.999 | J27: =DATE(YEAR(Setup!$C$4),MONTH(Setup!$C$4),DAY(Setup!$C$4)+((D27-1)*7)+(E27-WEEKDAY(DATE(YEAR(Setup!$C$4),MONTH(Setup!$C$4),DAY(Setup!$C$4)),1))) | K27: =J27+3 | L27: =I27+14 | M27: =F27*G27 | N27: Missing 1.3.1 Quiz: Input/Output | O27: This student is falling behind the recommended schedule for this course. Check in with this student, offer help, and send a message of encouragement for the student to submit this assignment.
A28: CSEPC110M | B28: Missing Assignment | C28: 1.3.2 Quiz: Input/Output - Application and Reasoning | D28: 2 | E28: 1 | I28: 45904.999 | J28: =DATE(YEAR(Setup!$C$4),MONTH(Setup!$C$4),DAY(Setup!$C$4)+((D28-1)*7)+(E28-WEEKDAY(DATE(YEAR(Setup!$C$4),MONTH(Setup!$C$4),DAY(Setup!$C$4)),1))) | K28: =J28+3 | L28: =I28+14 | M28: =F28*G28 | N28: Missing 1.3.2 Quiz: Input/Output | O28: This student is falling behind the recommended schedule for this course. Check in with this student, offer help, and send a message of encouragement for the student to submit this assignment.
A29: CSEPC110M | B29: Missing Assignment | C29: 1.4 Project: Clever Stories | D29: 2 | E29: 1 | I29: 45906.999 | J29: =DATE(YEAR(Setup!$C$4),MONTH(Setup!$C$4),DAY(Setup!$C$4)+((D29-1)*7)+(E29-WEEKDAY(DATE(YEAR(Setup!$C$4),MONTH(Setup!$C$4),DAY(Setup!$C$4)),1))) | K29: =J29+3 | L29: =I29+14 | M29: =F29*G29 | N29: Missing 1.4 Project: Clever Stories | O29: This student is falling behind the recommended schedule for this course. Check in with this student, offer help, and send a message of encouragement for the student to submit this assignment.
A30: CSEPC110M | B30: Missing Assignment | C30: 2.1 Learning Activities: Variables and Expressions | D30: 3 | E30: 1 | I30: 45911.999 | J30: =DATE(YEAR(Setup!$C$4),MONTH(Setup!$C$4),DAY(Setup!$C$4)+((D30-1)*7)+(E30-WEEKDAY(DATE(YEAR(Setup!$C$4),MONTH(Setup!$C$4),DAY(Setup!$C$4)),1))) | K30: =J30+3 | L30: =I30+14 | M30: =F30*G30 | N30: Missing 2.1 Learning Activities | O30: This student is falling behind the recommended schedule for this course. Check in with this student, offer help, and send a message of encouragement for the student to submit this assignment.
A31: CSEPC110M | B31: Missing Assignment | C31: 2.2 Code-along Activity: Areas of Shapes | D31: 3 | E31: 1 | I31: 45911.999 | J31: =DATE(YEAR(Setup!$C$4),MONTH(Setup!$C$4),DAY(Setup!$C$4)+((D31-1)*7)+(E31-WEEKDAY(DATE(YEAR(Setup!$C$4),MONTH(Setup!$C$4),DAY(Setup!$C$4)),1))) | K31: =J31+3 | L31: =I31+14 | M31: =F31*G31 | N31: Missing 2.2 Code-along Activity | O31: This student is falling behind the recommended schedule for this course. Check in with this student, offer help, and send a message of encouragement for the student to submit this assignment.
A32: CSEPC110M | B32: Missing Assignment | C32: 2.3.1 Quiz: Variables and Expressions - Basic Understanding | D32: 3 | E32: 1 | I32: 45911.999 | J32: =DATE(YEAR(Setup!$C$4),MONTH(Setup!$C$4),DAY(Setup!$C$4)+((D32-1)*7)+(E32-WEEKDAY(DATE(YEAR(Setup!$C$4),MONTH(Setup!$C$4),DAY(Setup!$C$4)),1))) | K32: =J32+3 | L32: =I32+14 | M32: =F32*G32 | N32: Missing 2.3.1 Quiz: Variables and Expressions | O32: This student is falling behind the recommended schedule for this course. Check in with this student, offer help, and send a message of encouragement for the student to submit this assignment.
A33: CSEPC110M | B33: Missing Assignment | C33: 2.3.2 Quiz: Variables and Expressions - Application and Reasoning | D33: 3 | E33: 1 | I33: 45911.999 | J33: =DATE(YEAR(Setup!$C$4),MONTH(Setup!$C$4),DAY(Setup!$C$4)+((D33-1)*7)+(E33-WEEKDAY(DATE(YEAR(Setup!$C$4),MONTH(Setup!$C$4),DAY(Setup!$C$4)),1))) | K33: =J33+3 | L33: =I33+14 | M33: =F33*G33 | N33: Missing 2.3.2 Quiz: Variables and Expressions | O33: This student is falling behind the recommended schedule for this course. Check in with this student, offer help, and send a message of encouragement for the student to submit this assignment.
A34: CSEPC110M | B34: Missing Assignment | C34: 2.4 Project: Meal Price Calculator | D34: 3 | E34: 1 | I34: 45913.999 | J34: =DATE(YEAR(Setup!$C$4),MONTH(Setup!$C$4),DAY(Setup!$C$4)+((D34-1)*7)+(E34-WEEKDAY(DATE(YEAR(Setup!$C$4),MONTH(Setup!$C$4),DAY(Setup!$C$4)),1))) | K34: =J34+3 | L34: =I34+14 | M34: =F34*G34 | N34: Missing 2.4 Project: Meal Price Calculator | O34: This student is falling behind the recommended schedule for this course. Check in with this student, offer help, and send a message of encouragement for the student to submit this assignment.
A35: CSEPC110M | B35: Missing Assignment | C35: 3.1 Learning Activities: Decisions | D35: 4 | E35: 1 | I35: 45918.999 | J35: =DATE(YEAR(Setup!$C$4),MONTH(Setup!$C$4),DAY(Setup!$C$4)+((D35-1)*7)+(E35-WEEKDAY(DATE(YEAR(Setup!$C$4),MONTH(Setup!$C$4),DAY(Setup!$C$4)),1))) | K35: =J35+3 | L35: =I35+14 | M35: =F35*G35 | N35: Missing 3.1 Learning Activities | O35: This student is falling behind the recommended schedule for this course. Check in with this student, offer help, and send a message of encouragement for the student to submit this assignment.
A36: CSEPC110M | B36: Missing Assignment | C36: 3.2 Code-along Activity: Grade Calculator Program | D36: 4 | E36: 1 | I36: 45918.999 | J36: =DATE(YEAR(Setup!$C$4),MONTH(Setup!$C$4),DAY(Setup!$C$4)+((D36-1)*7)+(E36-WEEKDAY(DATE(YEAR(Setup!$C$4),MONTH(Setup!$C$4),DAY(Setup!$C$4)),1))) | K36: =J36+3 | L36: =I36+14 | M36: =F36*G36 | N36: Missing 3.2 Code-along Activity | O36: This student is falling behind the recommended schedule for this course. Check in with this student, offer help, and send a message of encouragement for the student to submit this assignment.
... A54: CSEPC110M | B54: Missing Assignment | C54: A1.4 Project: Data Analysis | D54: 7 | E54: 1 | I54: 45941.999 | J54: =DATE(YEAR(Setup!$C$4),MONTH(Setup!$C$4),DAY(Setup!$C$4)+((D54-1)*7)+(E54-WEEKDAY(DATE(YEAR(Setup!$C$4),MONTH(Setup!$C$4),DAY(Setup!$C$4)),1))) | K54: =J54+3 | L54: =I54+14 | M54: =F54*G54 | N54: Missing A1.4 Project Data Analysis | O54: This student is falling behind the recommended schedule for this course. Check in with this student, offer help, and send a message of encouragement for the student to submit this assignment.
A55: CSEPC110M | B55: Scheduled - Classwide | C55: Course Closing Reminder | D55: 7 | E55: 1 | J55: =DATE(YEAR(Setup!$C$4),MONTH(Setup!$C$4),DAY(Setup!$C$4)+((D55-1)*7)+(E55-WEEKDAY(DATE(YEAR(Setup!$C$4),MONTH(Setup!$C$4),DAY(Setup!$C$4)),1))) | K55: =J55+3 | L55: =(J55 + (7 - WEEKDAY(J55,1))) + 1 | M55: =F55*G55 | N55: Course Closing Reminder | O55: Send a message to your students, reminding them that the course is closing this week and of the due dates they must meet to get assignments in and applied to their final grade.

Sheet CSE111
A1: Course | B1: Action Type | C1: Assignment | D1: Week of Outreach | E1: Day of Outreach | F1: Points Possible | G1: % + or - for Outreach | H1: Configured | I1: Start Date | J1: Due Date | K1: Expire Date | L1: Score | M1: Reason for Outreach Title (Drop Down in IMS) | N1: Description/Prompt in IMS
A2: CSE111 | B2: New Student Added | C2: Novo Estudante Adicionado | D2: 0 | E2: 2 | H2: y | I2: =DATE(YEAR(Setup!$C$4),MONTH(Setup!$C$4),DAY(Setup!$C$4)+((D2-1)*7)+(E2-WEEKDAY(DATE(YEAR(Setup!$C$4),MONTH(Setup!$C$4),DAY(Setup!$C$4)),1))) | J2: =I2+3 | K2: =(I2 + (7 - WEEKDAY(I2,1))) + 1 | L2: =F2*G2 | M2: E-mail de Boas-vindas
A3: CSE111 | B3: New Student Added | C3: Novo Estudante Adicionado | D3: 1 | E3: 6 | H3: y | I3: =DATE(YEAR(Setup!$C$4),MONTH(Setup!$C$4),DAY(Setup!$C$4)+((D3-1)*7)+(E3-WEEKDAY(DATE(YEAR(Setup!$C$4),MONTH(Setup!$C$4),DAY(Setup!$C$4)),1))) | J3: =I3+3 | K3: =(I3 + (7 - WEEKDAY(I3,1))) + 1 | L3: =F3*G3 | M3: E-mail de Boas-vindas
A4: CSE111 | B4: Scheduled - Not Logged In | C4: Não Entrou no Canvas | D4: 1 | E4: 4 | H4: y | I4: =DATE(YEAR(Setup!$C$4),MONTH(Setup!$C$4),DAY(Setup!$C$4)+((D4-1)*7)+(E4-WEEKDAY(DATE(YEAR(Setup!$C$4),MONTH(Setup!$C$4),DAY(Setup!$C$4)),1))) | J4: =I4+3 | K4: =(I4 + (7 - WEEKDAY(I4,1))) + 1 | L4: =F4*G4 | M4: Não fez login no Canvas | N4: Envie um e-mail (fora do IMS) para os estudantes que não fizeram login no Canvas, lembrando-os de que o período letivo começou e incentivando-os a começar.
A5: CSE111 | B5: Missing Assignment | C5: S01 - Projeto: Volume do Pneu | D5: 2 | E5: 3 | H5: y | I5: =DATE(YEAR(Setup!$C$4),MONTH(Setup!$C$4),DAY(Setup!$C$4)+((D5-1)*7)+(E5-WEEKDAY(DATE(YEAR(Setup!$C$4),MONTH(Setup!$C$4),DAY(Setup!$C$4)),1))) | J5: =I5+3 | K5: =(I5 + (7 - WEEKDAY(I5,1))) + 1 | L5: =F5*G5 | M5: Tarefa Pendente: Projeto W01: Tire Volume | N5: Entre em contato com o estudante que não entregou o Marco do Projeto W01: Tire Volume
A6: CSE111 | B6: Quiz Question | C6: S01- Reflexão: Precisa de Ajuda Resposta: Sim | D6: 2 | E6: 2 | H6: y | I6: =DATE(YEAR(Setup!$C$4),MONTH(Setup!$C$4),DAY(Setup!$C$4)+((D6-1)*7)+(E6-WEEKDAY(DATE(YEAR(Setup!$C$4),MONTH(Setup!$C$4),DAY(Setup!$C$4)),1))) | J6: =I6+3 | K6: =(I6 + (7 - WEEKDAY(I6,1))) + 1 | L6: =F6*G6 | M6: Resposta à Reflexão da W01 - O aluno respondeu que está sobrecarregado. | N6: O estudante respondeu que está se sentindo sobrecarregado na Reflexão da W01. Entre em contato com o estudante para ver como você pode ajudar.
A7: CSE111 | B7: Grader-Issued 0 | C7: S01 - Projeto: Volume do Pneu | D7: 2 | E7: 4 | F7: 100 | H7: y | I7: =DATE(YEAR(Setup!$C$4),MONTH(Setup!$C$4),DAY(Setup!$C$4)+((D7-1)*7)+(E7-WEEKDAY(DATE(YEAR(Setup!$C$4),MONTH(Setup!$C$4),DAY(Setup!$C$4)),1))) | J7: =I7+3 | K7: =(I7 + (7 - WEEKDAY(I7,1))) + 1 | L7: =F7*G7 | M7: O estudante recebeu nota 0 atribuída pelo avaliador no Marco do Projeto da W01: Volume do Pneu | N7: Em risco. O avaliador atribuiu 0 no Projeto da W01: Volume do Pneu. Acesse o Canvas e veja os comentários do avaliador. Trabalhe com o aluno para ajudá-lo a reenviar.
A8: CSE111 | B8: High Performance | C8: S01 - Projeto: Volume do Pneu | D8: 2 | E8: 5 | F8: 100 | G8: 0.9 | H8: y | I8: =DATE(YEAR(Setup!$C$4),MONTH(Setup!$C$4),DAY(Setup!$C$4)+((D8-1)*7)+(E8-WEEKDAY(DATE(YEAR(Setup!$C$4),MONTH(Setup!$C$4),DAY(Setup!$C$4)),1))) | J8: =I8+3 | K8: =(I8 + (7 - WEEKDAY(I8,1))) + 1 | L8: =F8*G8 | M8: Alto Desempenho: Projeto da W01: Tire Volume | N8: Forneça feedback positivo sobre o Projeto W01: Tire Volume
A9: CSE111 | B9: Low Performance | C9: S01 - Projeto: Volume do Pneu | D9: 2 | E9: 5 | F9: 100 | G9: 0.7 | H9: y | I9: =DATE(YEAR(Setup!$C$4),MONTH(Setup!$C$4),DAY(Setup!$C$4)+((D9-1)*7)+(E9-WEEKDAY(DATE(YEAR(Setup!$C$4),MONTH(Setup!$C$4),DAY(Setup!$C$4)),1))) | J9: =I9+3 | K9: =(I9 + (7 - WEEKDAY(I9,1))) + 1 | L9: =F9*G9 | M9: Baixo Desempenho: Projeto da W01: Volume do Pneu | N9: Em risco. O aluno obteve nota abaixo de 70% no Projeto da W01: Volume do Pneu. Entre em contato para ver como você pode ajudar.
A10: CSE111 | B10: Missing Assignment | C10: S02 - Projeto: Força da Senha | D10: 3 | E10: 3 | H10: y | I10: =DATE(YEAR(Setup!$C$4),MONTH(Setup!$C$4),DAY(Setup!$C$4)+((D10-1)*7)+(E10-WEEKDAY(DATE(YEAR(Setup!$C$4),MONTH(Setup!$C$4),DAY(Setup!$C$4)),1))) | J10: =I10+3 | K10: =(I10 + (7 - WEEKDAY(I10,1))) + 1 | L10: =F10*G10 | M10: Tarefa Pendente: Projeto da W02: Força da Senha | N10: Entre em contato com o aluno que não entregou o Projeto da W01: Força da Senha
A11: CSE111 | B11: Quiz Question | C11: S02 - Reflexão: Precisa de Ajuda Resposta: Sim | D11: 3 | E11: 2 | H11: y | I11: =DATE(YEAR(Setup!$C$4),MONTH(Setup!$C$4),DAY(Setup!$C$4)+((D11-1)*7)+(E11-WEEKDAY(DATE(YEAR(Setup!$C$4),MONTH(Setup!$C$4),DAY(Setup!$C$4)),1))) | J11: =I11+3 | K11: =(I11 + (7 - WEEKDAY(I11,1))) + 1 | L11: =F11*G11 | M11: Resposta à Reflexão da W02 - O aluno respondeu que está sobrecarregado. | N11: O(A) estudante respondeu que está se sentindo sobrecarregado(a) na Reflexão da W02. Entre em contato com o(a) estudante para ver como você pode ajudar.
A12: CSE111 | B12: Grader-Issued 0 | C12: S02 - Projeto: Força da Senha | D12: 3 | E12: 4 | F12: 100 | H12: y | I12: =DATE(YEAR(Setup!$C$4),MONTH(Setup!$C$4),DAY(Setup!$C$4)+((D12-1)*7)+(E12-WEEKDAY(DATE(YEAR(Setup!$C$4),MONTH(Setup!$C$4),DAY(Setup!$C$4)),1))) | J12: =I12+3 | K12: =(I12 + (7 - WEEKDAY(I12,1))) + 1 | L12: =F12*G12 | M12: O aluno recebeu uma nota 0 atribuída pelo avaliador no Projeto W02: Força da senha | N12: Em risco. O avaliador atribuiu nota 0 no Projeto W02: Password Strength. Acesse o Canvas e veja os comentários do avaliador. Trabalhe com o estudante para ajudá-lo a enviar novamente.
A13: CSE111 | B13: High Performance | C13: S02 - Projeto: Força da Senha | D13: 3 | E13: 4 | F13: 100 | G13: 0.9 | H13: y | I13: =DATE(YEAR(Setup!$C$4),MONTH(Setup!$C$4),DAY(Setup!$C$4)+((D13-1)*7)+(E13-WEEKDAY(DATE(YEAR(Setup!$C$4),MONTH(Setup!$C$4),DAY(Setup!$C$4)),1))) | J13: =I13+3 | K13: =(I13 + (7 - WEEKDAY(I13,1))) + 1 | L13: =F13*G13 | M13: Alto Desempenho: Projeto da W02: Força da Senha | N13: Forneça feedback positivo no Projeto W02: Força da Senha
A14: CSE111 | B14: Low Performance | C14: S02 - Projeto: Força da Senha | D14: 3 | E14: 4 | F14: 100 | G14: 0.7 | H14: y | I14: =DATE(YEAR(Setup!$C$4),MONTH(Setup!$C$4),DAY(Setup!$C$4)+((D14-1)*7)+(E14-WEEKDAY(DATE(YEAR(Setup!$C$4),MONTH(Setup!$C$4),DAY(Setup!$C$4)),1))) | J14: =I14+3 | K14: =(I14 + (7 - WEEKDAY(I14,1))) + 1 | L14: =F14*G14 | M14: Baixo Desempenho: Projeto da W02: Força da Senha | N14: Em Risco. O(A) estudante obteve nota abaixo de 70% no Projeto da W02: Força da Senha. Entre em contato para ver como você pode ajudar.
A15: CSE111 | B15: Missing Assignment | C15: S03 - Projeto: Pressão da Água | D15: 4 | E15: 3 | H15: y | I15: =DATE(YEAR(Setup!$C$4),MONTH(Setup!$C$4),DAY(Setup!$C$4)+((D15-1)*7)+(E15-WEEKDAY(DATE(YEAR(Setup!$C$4),MONTH(Setup!$C$4),DAY(Setup!$C$4)),1))) | J15: =I15+3 | K15: =(I15 + (7 - WEEKDAY(I15,1))) + 1 | L15: =F15*G15 | M15: Tarefa Pendente: Projeto da W03: Pressão da Água | N15: Entre em contato com o aluno que não enviou o Projeto da W01: Pressão da Água
A16: CSE111 | B16: Quiz Question | C16: S03 - Reflexão: Precisa de Ajuda Resposta: Sim | D16: 4 | E16: 2 | H16: y | I16: =DATE(YEAR(Setup!$C$4),MONTH(Setup!$C$4),DAY(Setup!$C$4)+((D16-1)*7)+(E16-WEEKDAY(DATE(YEAR(Setup!$C$4),MONTH(Setup!$C$4),DAY(Setup!$C$4)),1))) | J16: =I16+3 | K16: =(I16 + (7 - WEEKDAY(I16,1))) + 1 | L16: =F16*G16 | M16: Resposta à Reflexão da W03 - O estudante respondeu que está sobrecarregado. | N16: O aluno respondeu na Reflexão W03 que está se sentindo sobrecarregado. Entre em contato com o aluno para ver como você pode ajudar.
A17: CSE111 | B17: Grader-Issued 0 | C17: S03 - Projeto: Pressão da Água | D17: 4 | E17: 4 | F17: 100 | H17: y | I17: =DATE(YEAR(Setup!$C$4),MONTH(Setup!$C$4),DAY(Setup!$C$4)+((D17-1)*7)+(E17-WEEKDAY(DATE(YEAR(Setup!$C$4),MONTH(Setup!$C$4),DAY(Setup!$C$4)),1))) | J17: =I17+3 | K17: =(I17 + (7 - WEEKDAY(I17,1))) + 1 | L17: =F17*G17 | M17: O aluno recebeu nota 0 atribuída pelo avaliador no Projeto W03: Pressão da Água | N17: Em risco. O corretor atribuiu nota 0 no Projeto da W03: Pressão da Água. Faça login no Canvas e veja os comentários do corretor. Trabalhe com o aluno para ajudá-lo a reenviar.
A18: CSE111 | B18: Scheduled - Low Current Grade | C18: Lembrete de Prazo de Desistência | D18: 4 | E18: 4 | G18: 0.4 | H18: y | I18: =DATE(YEAR(Setup!$C$4),MONTH(Setup!$C$4),DAY(Setup!$C$4)+((D18-1)*7)+(E18-WEEKDAY(DATE(YEAR(Setup!$C$4),MONTH(Setup!$C$4),DAY(Setup!$C$4)),1))) | J18: =I18+3 | K18: =(I18 + (7 - WEEKDAY(I18,1))) + 1 | L18: =F18*G18 | M18: Aluno em situação de reprovação. Lembrete de cancelamento de matrícula | N18: Envie um e-mail para os alunos que estão reprovando no momento e que têm poucas chances de recuperação, lembrando-os do prazo de trancamento.
A19: CSE111 | B19: High Performance | C19: S03 - Projeto: Pressão da Água | D19: 4 | E19: 5 | F19: 100 | G19: 0.9 | H19: y | I19: =DATE(YEAR(Setup!$C$4),MONTH(Setup!$C$4),DAY(Setup!$C$4)+((D19-1)*7)+(E19-WEEKDAY(DATE(YEAR(Setup!$C$4),MONTH(Setup!$C$4),DAY(Setup!$C$4)),1))) | J19: =I19+3 | K19: =(I19 + (7 - WEEKDAY(I19,1))) + 1 | L19: =F19*G19 | M19: Alto Desempenho: Projeto da W03: Pressão da Água | N19: Forneça feedback positivo no Projeto W03: Pressão da Água
A20: CSE111 | B20: Low Performance | C20: S03 - Projeto: Pressão da Água | D20: 4 | E20: 5 | F20: 100 | G20: 0.7 | H20: y | I20: =DATE(YEAR(Setup!$C$4),MONTH(Setup!$C$4),DAY(Setup!$C$4)+((D20-1)*7)+(E20-WEEKDAY(DATE(YEAR(Setup!$C$4),MONTH(Setup!$C$4),DAY(Setup!$C$4)),1))) | J20: =I20+3 | K20: =(I20 + (7 - WEEKDAY(I20,1))) + 1 | L20: =F20*G20 | M20: Baixo desempenho: Projeto W03: Pressão da água | N20: Em risco. O aluno obteve nota abaixo de 70% no Projeto W03: Pressão da Água. Entre em contato para ver como você pode ajudar.
A21: CSE111 | B21: Missing Assignment | C21: S04 - Projeto: Química | D21: 5 | E21: 3 | H21: y | I21: =DATE(YEAR(Setup!$C$4),MONTH(Setup!$C$4),DAY(Setup!$C$4)+((D21-1)*7)+(E21-WEEKDAY(DATE(YEAR(Setup!$C$4),MONTH(Setup!$C$4),DAY(Setup!$C$4)),1))) | J21: =I21+3 | K21: =(I21 + (7 - WEEKDAY(I21,1))) + 1 | L21: =F21*G21 | M21: Tarefa Não Entregue: Projeto da W04: Química | N21: Entre em contato com o aluno que não entregou o Projeto da W04: Química
A22: CSE111 | B22: Quiz Question | C22: S04 - Reflexão: Precisa de Ajuda Resposta: Sim | D22: 5 | E22: 2 | H22: y | I22: =DATE(YEAR(Setup!$C$4),MONTH(Setup!$C$4),DAY(Setup!$C$4)+((D22-1)*7)+(E22-WEEKDAY(DATE(YEAR(Setup!$C$4),MONTH(Setup!$C$4),DAY(Setup!$C$4)),1))) | J22: =I22+3 | K22: =(I22 + (7 - WEEKDAY(I22,1))) + 1 | L22: =F22*G22 | M22: Resposta à Reflexão W04 - O aluno respondeu que está sobrecarregado. | N22: O(A) estudante respondeu que está se sentindo sobrecarregado(a) na Reflexão da W04. Entre em contato com o(a) estudante para ver como você pode ajudar.
A23: CSE111 | B23: Grader-Issued 0 | C23: S04 - Projeto: Química | D23: 5 | E23: 4 | F23: 100 | H23: y | I23: =DATE(YEAR(Setup!$C$4),MONTH(Setup!$C$4),DAY(Setup!$C$4)+((D23-1)*7)+(E23-WEEKDAY(DATE(YEAR(Setup!$C$4),MONTH(Setup!$C$4),DAY(Setup!$C$4)),1))) | J23: =I23+3 | K23: =(I23 + (7 - WEEKDAY(I23,1))) + 1 | L23: =F23*G23 | M23: O estudante recebeu nota 0 atribuída pelo avaliador no Projeto W04: Chemistry | N23: Em risco. O avaliador atribuiu nota 0 no Projeto W04: Chemistry. Acesse o Canvas e veja os comentários do avaliador. Trabalhe com o estudante para ajudá-lo a enviar novamente.
A24: CSE111 | B24: Scheduled - Classwide | C24: Lembrete de Matrícula 1 | D24: 5 | E24: 4 | H24: y | I24: =DATE(YEAR(Setup!$C$4),MONTH(Setup!$C$4),DAY(Setup!$C$4)+((D24-1)*7)+(E24-WEEKDAY(DATE(YEAR(Setup!$C$4),MONTH(Setup!$C$4),DAY(Setup!$C$4)),1))) | J24: =I24+3 | K24: =(I24 + (7 - WEEKDAY(I24,1))) + 1 | L24: =F24*G24 | M24: Lembrete de Matrícula 1 | N24: Envie uma mensagem para todos os alunos, lembrando-os de que as inscrições para o próximo bloco já estão abertas e incentivando-os a agir.
A25: CSE111 | B25: High Performance | C25: S04 - Projeto: Química | D25: 5 | E25: 5 | F25: 100 | G25: 0.9 | H25: y | I25: =DATE(YEAR(Setup!$C$4),MONTH(Setup!$C$4),DAY(Setup!$C$4)+((D25-1)*7)+(E25-WEEKDAY(DATE(YEAR(Setup!$C$4),MONTH(Setup!$C$4),DAY(Setup!$C$4)),1))) | J25: =I25+3 | K25: =(I25 + (7 - WEEKDAY(I25,1))) + 1 | L25: =F25*G25 | M25: Alto Desempenho: W04 Projeto: Química | N25: Forneça feedback positivo sobre o Projeto da W04: Química
A26: CSE111 | B26: Low Performance | C26: S04 - Projeto: Química | D26: 5 | E26: 5 | F26: 100 | G26: 0.7 | H26: y | I26: =DATE(YEAR(Setup!$C$4),MONTH(Setup!$C$4),DAY(Setup!$C$4)+((D26-1)*7)+(E26-WEEKDAY(DATE(YEAR(Setup!$C$4),MONTH(Setup!$C$4),DAY(Setup!$C$4)),1))) | J26: =I26+3 | K26: =(I26 + (7 - WEEKDAY(I26,1))) + 1 | L26: =F26*G26 | M26: Baixo desempenho: Projeto W04: Química | N26: Em risco. O aluno pontuou abaixo de 70% no Projeto da W04: Química. Entre em contato para ver como pode ajudar.
A27: CSE111 | B27: Missing Assignment | C27: S05 - Projeto: Mercearia | D27: 6 | E27: 3 | H27: y | I27: =DATE(YEAR(Setup!$C$4),MONTH(Setup!$C$4),DAY(Setup!$C$4)+((D27-1)*7)+(E27-WEEKDAY(DATE(YEAR(Setup!$C$4),MONTH(Setup!$C$4),DAY(Setup!$C$4)),1))) | J27: =I27+3 | K27: =(I27 + (7 - WEEKDAY(I27,1))) + 1 | L27: =F27*G27 | M27: Tarefa Pendente: Projeto da W05: Mercearia | N27: Entre em contato com o aluno que não entregou o Projeto da W05: Supermercado
A28: CSE111 | B28: Quiz Question | C28: S05 - Reflexão: Precisa de Ajuda Resposta: Sim | D28: 6 | E28: 2 | H28: y | I28: =DATE(YEAR(Setup!$C$4),MONTH(Setup!$C$4),DAY(Setup!$C$4)+((D28-1)*7)+(E28-WEEKDAY(DATE(YEAR(Setup!$C$4),MONTH(Setup!$C$4),DAY(Setup!$C$4)),1))) | J28: =I28+3 | K28: =(I28 + (7 - WEEKDAY(I28,1))) + 1 | L28: =F28*G28 | M28: Resposta à Reflexão W05 - O aluno respondeu que está sobrecarregado. | N28: O aluno respondeu que está se sentindo sobrecarregado na Reflexão da W05. Entre em contato com o aluno para ver como pode ajudar.
A29: CSE111 | B29: Grader-Issued 0 | C29: S05 - Projeto: Mercearia | D29: 6 | E29: 4 | F29: 100 | H29: y | I29: =DATE(YEAR(Setup!$C$4),MONTH(Setup!$C$4),DAY(Setup!$C$4)+((D29-1)*7)+(E29-WEEKDAY(DATE(YEAR(Setup!$C$4),MONTH(Setup!$C$4),DAY(Setup!$C$4)),1))) | J29: =I29+3 | K29: =(I29 + (7 - WEEKDAY(I29,1))) + 1 | L29: =F29*G29 | M29: O aluno recebeu uma nota 0 atribuída pelo avaliador no Projeto W05: Supermercado | N29: Em risco. O avaliador atribuiu nota 0 no Projeto da W05: Mercearia. Acesse o Canvas e veja os comentários do avaliador. Trabalhe com o aluno para ajudar no reenvio.
A30: CSE111 | B30: High Performance | C30: S05 - Projeto: Mercearia | D30: 6 | E30: 5 | F30: 100 | G30: 0.9 | H30: y | I30: =DATE(YEAR(Setup!$C$4),MONTH(Setup!$C$4),DAY(Setup!$C$4)+((D30-1)*7)+(E30-WEEKDAY(DATE(YEAR(Setup!$C$4),MONTH(Setup!$C$4),DAY(Setup!$C$4)),1))) | J30: =I30+3 | K30: =(I30 + (7 - WEEKDAY(I30,1))) + 1 | L30: =F30*G30 | M30: Alto Desempenho: Projeto da W05: Grocery Store | N30: Forneça feedback positivo sobre o Projeto W05: Grocery Store
A31: CSE111 | B31: Low Performance | C31: S05 - Projeto: Mercearia | D31: 6 | E31: 5 | F31: 100 | G31: 0.7 | H31: y | I31: =DATE(YEAR(Setup!$C$4),MONTH(Setup!$C$4),DAY(Setup!$C$4)+((D31-1)*7)+(E31-WEEKDAY(DATE(YEAR(Setup!$C$4),MONTH(Setup!$C$4),DAY(Setup!$C$4)),1))) | J31: =I31+3 | K31: =(I31 + (7 - WEEKDAY(I31,1))) + 1 | L31: =F31*G31 | M31: Baixo Desempenho: Projeto da W05: Mercearia | N31: Em risco. O aluno obteve nota inferior a 70% no Projeto da W05: Grocery Store. Entre em contato para ver como você pode ajudar.
A32: CSE111 | B32: Scheduled - Classwide | C32: Lembrete de Matrícula 2 | D32: 7 | E32: 1 | H32: y | I32: =DATE(YEAR(Setup!$C$4),MONTH(Setup!$C$4),DAY(Setup!$C$4)+((D32-1)*7)+(E32-WEEKDAY(DATE(YEAR(Setup!$C$4),MONTH(Setup!$C$4),DAY(Setup!$C$4)),1))) | J32: =I32+3 | K32: =(I32 + (7 - WEEKDAY(I32,1))) + 1 | L32: =F32*G32 | M32: Lembrete de Matrícula 2 | N32: Envie uma mensagem a todos os alunos, lembrando-os de que as inscrições para o próximo bloco ainda estão abertas, mas serão encerradas em breve. Incentive-os a acessar o sistema e se inscrever o quanto antes.
A33: CSE111 | B33: Scheduled - Classwide | C33: Lembrete de Fim de Bloco | D33: 7 | E33: 2 | H33: y | I33: =DATE(YEAR(Setup!$C$4),MONTH(Setup!$C$4),DAY(Setup!$C$4)+((D33-1)*7)+(E33-WEEKDAY(DATE(YEAR(Setup!$C$4),MONTH(Setup!$C$4),DAY(Setup!$C$4)),1))) | J33: =I33+3 | K33: =(I33 + (7 - WEEKDAY(I33,1))) + 1 | L33: =F33*G33 | M33: Lembrete de Fim de Bloco | N33: Lembre os alunos de que o curso será encerrado, para enviarem as tarefas dentro do prazo e preencherem a Avaliação de Fim de Curso

Sheet CSE210
A1: Course | B1: Action Type | C1: Assignment | D1: Week of Outreach | E1: Day of Outreach | F1: Points Possible | G1: % + or - for Outreach | H1: Configured | I1: Start Date | J1: Due Date | K1: Expire Date | L1: Score | M1: Reason for Outreach Title (Drop Down in IMS) | N1: Description/Prompt in IMS
A2: CSE210 | B2: New Student Added | D2: 0 | E2: 2 | H2: y | I2: =DATE(YEAR(Setup!$C$4),MONTH(Setup!$C$4),DAY(Setup!$C$4)+((D2-1)*7)+(E2-WEEKDAY(DATE(YEAR(Setup!$C$4),MONTH(Setup!$C$4),DAY(Setup!$C$4)),1))) | J2: =I2+3 | K2: =(I2 + (7 - WEEKDAY(I2,1))) + 1 | L2: =F2*G2 | M2: E-mail de Boas-vindas
A3: CSE210 | B3: Scheduled - Not Logged In | C3: Não Fez Login | D3: 1 | E3: 4 | H3: y | I3: =DATE(YEAR(Setup!$C$4),MONTH(Setup!$C$4),DAY(Setup!$C$4)+((D3-1)*7)+(E3-WEEKDAY(DATE(YEAR(Setup!$C$4),MONTH(Setup!$C$4),DAY(Setup!$C$4)),1))) | J3: =I3+3 | K3: =(I3 + (7 - WEEKDAY(I3,1))) + 1 | L3: =F3*G3 | M3: Não fez login no Canvas | N3: Envie um e-mail (fora do IMS) para os estudantes que não fizeram login no Canvas, lembrando-os de que o período letivo começou e incentivando-os a começar.
A4: CSE210 | B4: Missing Assignment | C4: S01 - Tarefa: Exercícios de Programação em C# | D4: 2 | E4: 2 | H4: y | I4: =DATE(YEAR(Setup!$C$4),MONTH(Setup!$C$4),DAY(Setup!$C$4)+((D4-1)*7)+(E4-WEEKDAY(DATE(YEAR(Setup!$C$4),MONTH(Setup!$C$4),DAY(Setup!$C$4)),1))) | J4: =I4+3 | K4: =(I4 + (7 - WEEKDAY(I4,1))) + 1 | L4: =F4*G4 | M4: Tarefa Pendente: Tarefa da W01: Exercícios de Programação em C# | N4: Entre em contato com o aluno que não enviou a Tarefa da W01: C# Programming Exercises
A5: CSE210 | B5: Grader-Issued 0 | C5: S01 - Tarefa: Exercícios de Programação em C# | D5: 2 | E5: 4 | F5: 100 | H5: y | I5: =DATE(YEAR(Setup!$C$4),MONTH(Setup!$C$4),DAY(Setup!$C$4)+((D5-1)*7)+(E5-WEEKDAY(DATE(YEAR(Setup!$C$4),MONTH(Setup!$C$4),DAY(Setup!$C$4)),1))) | J5: =I5+3 | K5: =(I5 + (7 - WEEKDAY(I5,1))) + 1 | L5: =F5*G5 | M5: O aluno recebeu nota 0 atribuída pelo avaliador na Tarefa da W01: C# Programming Exercises | N5: O avaliador atribuiu nota 0. Faça login no Canvas e veja os comentários do avaliador. Trabalhe com o estudante para ajudá-lo a reenviar.
A6: CSE210 | B6: High Performance | C6: S01 - Tarefa: Exercícios de Programação em C# | D6: 2 | E6: 5 | F6: 100 | G6: 0.9 | H6: y | I6: =DATE(YEAR(Setup!$C$4),MONTH(Setup!$C$4),DAY(Setup!$C$4)+((D6-1)*7)+(E6-WEEKDAY(DATE(YEAR(Setup!$C$4),MONTH(Setup!$C$4),DAY(Setup!$C$4)),1))) | J6: =I6+3 | K6: =(I6 + (7 - WEEKDAY(I6,1))) + 1 | L6: =F6*G6 | M6: Alto Desempenho: Tarefa da W01: Exercícios de Programação em C# | N6: Fornecer Feedback Positivo
A7: CSE210 | B7: Low Performance | C7: S01 - Tarefa: Exercícios de Programação em C# | D7: 2 | E7: 5 | F7: 100 | G7: 0.7 | H7: y | I7: =DATE(YEAR(Setup!$C$4),MONTH(Setup!$C$4),DAY(Setup!$C$4)+((D7-1)*7)+(E7-WEEKDAY(DATE(YEAR(Setup!$C$4),MONTH(Setup!$C$4),DAY(Setup!$C$4)),1))) | J7: =I7+3 | K7: =(I7 + (7 - WEEKDAY(I7,1))) + 1 | L7: =F7*G7 | M7: Baixo Desempenho: Tarefa da W01: Exercícios de Programação em C# | N7: Em risco. O aluno pontuou abaixo de 70% em Entre em contato para ver como pode ajudar.
A8: CSE210 | B8: Missing Assignment | C8: S02 - Projeto: Programa de Diário | D8: 3 | E8: 2 | H8: y | I8: =DATE(YEAR(Setup!$C$4),MONTH(Setup!$C$4),DAY(Setup!$C$4)+((D8-1)*7)+(E8-WEEKDAY(DATE(YEAR(Setup!$C$4),MONTH(Setup!$C$4),DAY(Setup!$C$4)),1))) | J8: =I8+3 | K8: =(I8 + (7 - WEEKDAY(I8,1))) + 1 | L8: =F8*G8 | M8: Tarefa Pendente: Projeto da W02: Journal Program | N8: Entre em contato com o estudante que não entregou o Projeto da W02: Programa de Diário
A9: CSE210 | B9: Grader-Issued 0 | C9: S02 - Projeto: Programa de Diário | D9: 3 | E9: 4 | F9: 100 | H9: y | I9: =DATE(YEAR(Setup!$C$4),MONTH(Setup!$C$4),DAY(Setup!$C$4)+((D9-1)*7)+(E9-WEEKDAY(DATE(YEAR(Setup!$C$4),MONTH(Setup!$C$4),DAY(Setup!$C$4)),1))) | J9: =I9+3 | K9: =(I9 + (7 - WEEKDAY(I9,1))) + 1 | L9: =F9*G9 | M9: O aluno recebeu nota 0 atribuída pelo avaliador no Projeto W02: Programa de Diário | N9: Nota 0 atribuída pelo avaliador para o Projeto da W02: Journal Program. Acesse o Canvas e veja os comentários do avaliador. Trabalhe com o aluno para ajudá-lo a enviar novamente.
A10: CSE210 | B10: High Performance | C10: S02 - Projeto: Programa de Diário | D10: 3 | E10: 5 | F10: 100 | G10: 0.9 | H10: y | I10: =DATE(YEAR(Setup!$C$4),MONTH(Setup!$C$4),DAY(Setup!$C$4)+((D10-1)*7)+(E10-WEEKDAY(DATE(YEAR(Setup!$C$4),MONTH(Setup!$C$4),DAY(Setup!$C$4)),1))) | J10: =I10+3 | K10: =(I10 + (7 - WEEKDAY(I10,1))) + 1 | L10: =F10*G10 | M10: Alto Desempenho: Projeto W02: Journal Program | N10: Fornecer Feedback Positivo no Projeto da W02: Programa de Diário
A11: CSE210 | B11: Low Performance | C11: S02 - Projeto: Programa de Diário | D11: 3 | E11: 5 | F11: 100 | G11: 0.7 | H11: y | I11: =DATE(YEAR(Setup!$C$4),MONTH(Setup!$C$4),DAY(Setup!$C$4)+((D11-1)*7)+(E11-WEEKDAY(DATE(YEAR(Setup!$C$4),MONTH(Setup!$C$4),DAY(Setup!$C$4)),1))) | J11: =I11+3 | K11: =(I11 + (7 - WEEKDAY(I11,1))) + 1 | L11: =F11*G11 | M11: Baixo Desempenho: Projeto da W02: Programa de Diário | N11: Em risco. O aluno obteve nota inferior a 70% no Projeto W02: Programa de Diário. Entre em contato para ver como você pode ajudar.
A12: CSE210 | B12: Missing Assignment | C12: S03 - Projeto: Programa de Memorização de Escrituras | D12: 4 | E12: 2 | H12: y | I12: =DATE(YEAR(Setup!$C$4),MONTH(Setup!$C$4),DAY(Setup!$C$4)+((D12-1)*7)+(E12-WEEKDAY(DATE(YEAR(Setup!$C$4),MONTH(Setup!$C$4),DAY(Setup!$C$4)),1))) | J12: =I12+3 | K12: =(I12 + (7 - WEEKDAY(I12,1))) + 1 | L12: =F12*G12 | M12: Tarefa Pendente: Projeto da W03: Programa de Memorização de Escrituras | N12: Entre em contato com o aluno que não entregou o Projeto da W03: Programa de Memorização de Escrituras
A13: CSE210 | B13: Grader-Issued 0 | C13: S03 - Projeto: Programa de Memorização de Escrituras | D13: 4 | E13: 4 | F13: 100 | H13: y | I13: =DATE(YEAR(Setup!$C$4),MONTH(Setup!$C$4),DAY(Setup!$C$4)+((D13-1)*7)+(E13-WEEKDAY(DATE(YEAR(Setup!$C$4),MONTH(Setup!$C$4),DAY(Setup!$C$4)),1))) | J13: =I13+3 | K13: =(I13 + (7 - WEEKDAY(I13,1))) + 1 | L13: =F13*G13 | M13: O aluno recebeu uma nota 0 atribuída pelo avaliador no W03 Projeto: Programa de Memorização de Escrituras | N13: O avaliador atribuiu nota 0 para o Projeto da W03: Programa de Memorização de Escrituras. Acesse o Canvas e veja os comentários do avaliador. Trabalhe com o aluno para ajudar no reenvio.
A14: CSE210 | B14: Scheduled - Low Current Grade | C14: Lembrete do Prazo Limite de Desistência | D14: 4 | E14: 4 | G14: 0.4 | H14: y | I14: =DATE(YEAR(Setup!$C$4),MONTH(Setup!$C$4),DAY(Setup!$C$4)+((D14-1)*7)+(E14-WEEKDAY(DATE(YEAR(Setup!$C$4),MONTH(Setup!$C$4),DAY(Setup!$C$4)),1))) | J14: =I14+3 | K14: =(I14 + (7 - WEEKDAY(I14,1))) + 1 | L14: =F14*G14 | M14: Aluno em situação de reprovação. Lembrete de cancelamento de matrícula | N14: Envie um e-mail para os alunos que estão reprovando no momento e que têm poucas chances de recuperação, lembrando-os do prazo de trancamento.
A15: CSE210 | B15: High Performance | C15: S03 - Projeto: Programa de Memorização de Escrituras | D15: 4 | E15: 5 | F15: 100 | G15: 0.9 | H15: y | I15: =DATE(YEAR(Setup!$C$4),MONTH(Setup!$C$4),DAY(Setup!$C$4)+((D15-1)*7)+(E15-WEEKDAY(DATE(YEAR(Setup!$C$4),MONTH(Setup!$C$4),DAY(Setup!$C$4)),1))) | J15: =I15+3 | K15: =(I15 + (7 - WEEKDAY(I15,1))) + 1 | L15: =F15*G15 | M15: Alto Desempenho: Projeto da W03: Programa de Memorização de Escrituras | N15: Forneça feedback positivo sobre o Projeto W03: Scripture Memorizer Program
A16: CSE210 | B16: Low Performance | C16: S03 - Projeto: Programa de Memorização de Escrituras | D16: 4 | E16: 5 | F16: 100 | G16: 0.7 | H16: y | I16: =DATE(YEAR(Setup!$C$4),MONTH(Setup!$C$4),DAY(Setup!$C$4)+((D16-1)*7)+(E16-WEEKDAY(DATE(YEAR(Setup!$C$4),MONTH(Setup!$C$4),DAY(Setup!$C$4)),1))) | J16: =I16+3 | K16: =(I16 + (7 - WEEKDAY(I16,1))) + 1 | L16: =F16*G16 | M16: Baixo Desempenho: Projeto da W03: Scripture Memorizer Program | N16: Em Risco. O aluno obteve menos de 70% no Projeto da W03: Programa de Memorização de Escrituras. Entre em contato para ver como você pode ajudar.
A17: CSE210 | B17: Scheduled - Classwide | C17: Lembrete de Matrícula 1 | D17: 5 | E17: 4 | H17: y | I17: =DATE(YEAR(Setup!$C$4),MONTH(Setup!$C$4),DAY(Setup!$C$4)+((D17-1)*7)+(E17-WEEKDAY(DATE(YEAR(Setup!$C$4),MONTH(Setup!$C$4),DAY(Setup!$C$4)),1))) | J17: =I17+3 | K17: =(I17 + (7 - WEEKDAY(I17,1))) + 1 | L17: =F17*G17 | M17: Lembrete de Matrícula 1 | N17: Envie uma mensagem para todos os alunos, lembrando-os de que as inscrições para o próximo bloco já estão abertas e incentivando-os a agir.
A18: CSE210 | B18: Missing Assignment | C18: S05 - Projeto: Programa de Introspecção | D18: 6 | E18: 2 | H18: y | I18: =DATE(YEAR(Setup!$C$4),MONTH(Setup!$C$4),DAY(Setup!$C$4)+((D18-1)*7)+(E18-WEEKDAY(DATE(YEAR(Setup!$C$4),MONTH(Setup!$C$4),DAY(Setup!$C$4)),1))) | J18: =I18+3 | K18: =(I18 + (7 - WEEKDAY(I18,1))) + 1 | L18: =F19*G18 | M18: Tarefa pendente: Projeto W05: Programa de Atenção Plena | N18: Entre em contato com o aluno que não enviou o Projeto da W05: Mindfulness Program
A19: CSE210 | B19: Grader-Issued 0 | C19: S05 - Projeto: Programa de Introspecção | D19: 6 | E19: 4 | F19: 100 | H19: y | I19: =DATE(YEAR(Setup!$C$4),MONTH(Setup!$C$4),DAY(Setup!$C$4)+((D19-1)*7)+(E19-WEEKDAY(DATE(YEAR(Setup!$C$4),MONTH(Setup!$C$4),DAY(Setup!$C$4)),1))) | J19: =I19+3 | K19: =(I19 + (7 - WEEKDAY(I19,1))) + 1 | L19: =F19*G19 | M19: O aluno recebeu uma nota 0 atribuída pelo avaliador no Projeto W05: Programa de Atenção Plena | N19: O avaliador atribuiu nota 0 para o Projeto da W05: Programa de Mindfulness. Acesse o Canvas e veja os comentários do avaliador. Trabalhe com o aluno para ajudá-lo a reenviar.
A20: CSE210 | B20: High Performance | C20: S05 - Projeto: Programa de Introspecção | D20: 6 | E20: 5 | F20: 100 | G20: 0.9 | H20: y | I20: =DATE(YEAR(Setup!$C$4),MONTH(Setup!$C$4),DAY(Setup!$C$4)+((D20-1)*7)+(E20-WEEKDAY(DATE(YEAR(Setup!$C$4),MONTH(Setup!$C$4),DAY(Setup!$C$4)),1))) | J20: =I20+3 | K20: =(I20 + (7 - WEEKDAY(I20,1))) + 1 | L20: =F20*G20 | M20: Alto desempenho: Projeto W05: Mindfulness Program | N20: Forneça Feedback Positivo no Projeto da W05: Mindfulness Program
A21: CSE210 | B21: Low Performance | C21: S05 - Projeto: Programa de Introspecção | D21: 6 | E21: 5 | F21: 100 | G21: 0.7 | H21: y | I21: =DATE(YEAR(Setup!$C$4),MONTH(Setup!$C$4),DAY(Setup!$C$4)+((D21-1)*7)+(E21-WEEKDAY(DATE(YEAR(Setup!$C$4),MONTH(Setup!$C$4),DAY(Setup!$C$4)),1))) | J21: =I21+3 | K21: =(I21 + (7 - WEEKDAY(I21,1))) + 1 | L21: =F21*G21 | M21: Baixo Desempenho: Projeto W05: Mindfulness Program | N21: Em Risco. O aluno obteve menos de 70% no Projeto da W05: Programa de Mindfulness. Entre em contato para ver como você pode ajudar.
A22: CSE210 | B22: Scheduled - Classwide | C22: Lembrete de Matrícula 2 | D22: 7 | E22: 1 | H22: y | I22: =DATE(YEAR(Setup!$C$4),MONTH(Setup!$C$4),DAY(Setup!$C$4)+((D22-1)*7)+(E22-WEEKDAY(DATE(YEAR(Setup!$C$4),MONTH(Setup!$C$4),DAY(Setup!$C$4)),1))) | J22: =I22+3 | K22: =(I22 + (7 - WEEKDAY(I22,1))) + 1 | L22: =F22*G22 | M22: Lembrete de Matrícula 2 | N22: Envie uma mensagem a todos os alunos, lembrando-os de que as inscrições para o próximo bloco ainda estão abertas, mas serão encerradas em breve. Incentive-os a acessar o sistema e se inscrever o quanto antes.
A23: CSE210 | B23: Scheduled - Classwide | C23: Lembrete de Fim de Bloco | D23: 7 | E23: 2 | H23: y | I23: =DATE(YEAR(Setup!$C$4),MONTH(Setup!$C$4),DAY(Setup!$C$4)+((D23-1)*7)+(E23-WEEKDAY(DATE(YEAR(Setup!$C$4),MONTH(Setup!$C$4),DAY(Setup!$C$4)),1))) | J23: =I23+3 | K23: =(I23 + (7 - WEEKDAY(I23,1))) + 1 | L23: =F23*G23 | M23: Lembrete de Fim de Bloco | N23: Lembre os alunos de que o curso será encerrado, para enviarem as tarefas dentro do prazo e preencherem a Avaliação de Fim de Curso

Sheet CSE212
A1: Course | B1: Action Type | C1: Assignment | D1: Week of Outreach | E1: Day of Outreach | F1: Points Possible | G1: % + or - for Outreach | H1: Configured | I1: Start Date | J1: Due Date | K1: Expire Date | L1: Score | M1: Reason for Outreach Title (Drop Down in IMS) | N1: Description/Prompt in IMS
A2: CSE212 | B2: New Student Added | C2: New Student Added | D2: 0 | E2: 2 | H2: y | I2: =DATE(YEAR(Setup!$C$4),MONTH(Setup!$C$4),DAY(Setup!$C$4)+((D2-1)*7)+(E2-WEEKDAY(DATE(YEAR(Setup!$C$4),MONTH(Setup!$C$4),DAY(Setup!$C$4)),1))) | J2: =I2+3 | K2: =(I2 + (7 - WEEKDAY(I2,1))) + 1 | L2: =F2*G2 | M2: Welcome Email | N2: Send a message to new students to welcome them to class and help them submit any assignments they missed.
A3: CSE212 | B3: Scheduled - Not Logged In | C3: Not Logged In | D3: 1 | E3: 4 | H3: y | I3: =DATE(YEAR(Setup!$C$4),MONTH(Setup!$C$4),DAY(Setup!$C$4)+((D3-1)*7)+(E3-WEEKDAY(DATE(YEAR(Setup!$C$4),MONTH(Setup!$C$4),DAY(Setup!$C$4)),1))) | J3: =I3+3 | K3: =(I3 + (7 - WEEKDAY(I3,1))) + 1 | L3: =F3*G3 | M3: Not Logged into Canvas | N3: Email (outside the IMS) students who have not logged into Canvas, reminding them that term started and encouraging them to get started.
A4: CSE212 | B4: Missing Assignment | C4: W01 Code: Dynamic Arrays | D4: 2 | E4: 2 | F4: 50 | H4: y | I4: =DATE(YEAR(Setup!$C$4),MONTH(Setup!$C$4),DAY(Setup!$C$4)+((D4-1)*7)+(E4-WEEKDAY(DATE(YEAR(Setup!$C$4),MONTH(Setup!$C$4),DAY(Setup!$C$4)),1))) | J4: =I4+3 | K4: =(I4 + (7 - WEEKDAY(I4,1))) + 1 | L4: =F4*G4 | M4: Missing Assignment: W01 Code: Dynamic Arrays | N4: Check in with student missing W01 Code: Dynamic Arrays
A5: CSE212 | B5: Quiz Question | C5: W01 60-second Status Update: NeedHelp Answer: Yes | D5: 2 | E5: 2 | H5: y | I5: =DATE(YEAR(Setup!$C$4),MONTH(Setup!$C$4),DAY(Setup!$C$4)+((D5-1)*7)+(E5-WEEKDAY(DATE(YEAR(Setup!$C$4),MONTH(Setup!$C$4),DAY(Setup!$C$4)),1))) | J5: =I5+3 | K5: =(I5 + (7 - WEEKDAY(I5,1))) + 1 | L5: =F5*G5 | M5: Response to 60-second W01 Status Update. Student feels overwhelmed. | N5: Student responded feeling overwhelmed in W01 60-second Status Update. Reach out to student to see how you can help.
A6: CSE212 | B6: Grader-Issued 0 | C6: W01 Code: Dynamic Arrays | D6: 2 | E6: 4 | F6: 50 | H6: y | I6: =DATE(YEAR(Setup!$C$4),MONTH(Setup!$C$4),DAY(Setup!$C$4)+((D6-1)*7)+(E6-WEEKDAY(DATE(YEAR(Setup!$C$4),MONTH(Setup!$C$4),DAY(Setup!$C$4)),1))) | J6: =I6+3 | K6: =(I6 + (7 - WEEKDAY(I6,1))) + 1 | L6: =F6*G6 | M6: The student was given a Grader issued 0 on W01 Code: Dynamic Arrays | N6: Grader issued 0 for: W01 Code: Dynamic Arrays. Log into Canvas and see the grader comments. Work with the student to help resubmit.
A7: CSE212 | B7: High Performance | C7: W01 Code: Dynamic Arrays | D7: 2 | E7: 5 | F7: 50 | G7: 0.9 | H7: y | I7: =DATE(YEAR(Setup!$C$4),MONTH(Setup!$C$4),DAY(Setup!$C$4)+((D7-1)*7)+(E7-WEEKDAY(DATE(YEAR(Setup!$C$4),MONTH(Setup!$C$4),DAY(Setup!$C$4)),1))) | J7: =I7+3 | K7: =(I7 + (7 - WEEKDAY(I7,1))) + 1 | L7: =F7*G7 | M7: High Performance: W01 Code: Dynamic Arrays | N7: Provide Positive Feedback on W01 Code: Dynamic Arrays
A8: CSE212 | B8: Low Performance | C8: W01 Code: Dynamic Arrays | D8: 2 | E8: 5 | F8: 50 | G8: 0.7 | H8: y | I8: =DATE(YEAR(Setup!$C$4),MONTH(Setup!$C$4),DAY(Setup!$C$4)+((D8-1)*7)+(E8-WEEKDAY(DATE(YEAR(Setup!$C$4),MONTH(Setup!$C$4),DAY(Setup!$C$4)),1))) | J8: =I8+3 | K8: =(I8 + (7 - WEEKDAY(I8,1))) + 1 | L8: =F8*G8 | M8: Low Performance: W01 Code: Dynamic Arrays | N8: At Risk. Student scored below 70% on W01 Code: Dynamic Arrays. Check in to see how you can help.
A9: CSE212 | B9: Missing Assignment | C9: W02 Code: Queues | D9: 3 | E9: 2 | F9: 50 | H9: y | I9: =DATE(YEAR(Setup!$C$4),MONTH(Setup!$C$4),DAY(Setup!$C$4)+((D9-1)*7)+(E9-WEEKDAY(DATE(YEAR(Setup!$C$4),MONTH(Setup!$C$4),DAY(Setup!$C$4)),1))) | J9: =I9+3 | K9: =(I9 + (7 - WEEKDAY(I9,1))) + 1 | L9: =F9*G9 | M9: Missing Assignments: W02 Code: Queues | N9: Check in with student missing W02 Code: Queues
A10: CSE212 | B10: Quiz Question | C10: W02 60-second Status Update: NeedHelp Answer: Yes | D10: 3 | E10: 2 | H10: y | I10: =DATE(YEAR(Setup!$C$4),MONTH(Setup!$C$4),DAY(Setup!$C$4)+((D10-1)*7)+(E10-WEEKDAY(DATE(YEAR(Setup!$C$4),MONTH(Setup!$C$4),DAY(Setup!$C$4)),1))) | J10: =I10+3 | K10: =(I10 + (7 - WEEKDAY(I10,1))) + 1 | L10: =F10*G10 | M10: Response to 60-second W02 Status Update. Student feels overwhelmed. | N10: Student responded feeling overwhelmed in W02 60-second Status Update. Reach out to student to see how you can help.
A11: CSE212 | B11: Grader-Issued 0 | C11: W02 Code: Queues | D11: 3 | E11: 4 | F11: 50 | H11: y | I11: =DATE(YEAR(Setup!$C$4),MONTH(Setup!$C$4),DAY(Setup!$C$4)+((D11-1)*7)+(E11-WEEKDAY(DATE(YEAR(Setup!$C$4),MONTH(Setup!$C$4),DAY(Setup!$C$4)),1))) | J11: =I11+3 | K11: =(I11 + (7 - WEEKDAY(I11,1))) + 1 | L11: =F11*G11 | M11: The student was given a Grader issued 0 on W02 Code: Queues | N11: Grader issued 0 for W02 Code: Queues. Log into Canvas and see the grader comments. Work with the student to help resubmit.
A12: CSE212 | B12: High Performance | C12: W02 Code: Queues | D12: 3 | E12: 5 | F12: 50 | G12: 0.9 | H12: y | I12: =DATE(YEAR(Setup!$C$4),MONTH(Setup!$C$4),DAY(Setup!$C$4)+((D12-1)*7)+(E12-WEEKDAY(DATE(YEAR(Setup!$C$4),MONTH(Setup!$C$4),DAY(Setup!$C$4)),1))) | J12: =I12+3 | K12: =(I12 + (7 - WEEKDAY(I12,1))) + 1 | L12: =F12*G12 | M12: High Performance: W02 Code: Queues | N12: Provide Positive Feedback on W02 Code: Queues
A13: CSE212 | B13: Low Performance | C13: W02 Code: Queues | D13: 3 | E13: 5 | F13: 50 | G13: 0.7 | H13: y | I13: =DATE(YEAR(Setup!$C$4),MONTH(Setup!$C$4),DAY(Setup!$C$4)+((D13-1)*7)+(E13-WEEKDAY(DATE(YEAR(Setup!$C$4),MONTH(Setup!$C$4),DAY(Setup!$C$4)),1))) | J13: =I13+3 | K13: =(I13 + (7 - WEEKDAY(I13,1))) + 1 | L13: =F13*G13 | M13: Low Performance: W02 Code: Queues | N13: At Risk. Student scored below 70% on W02 Code: Queues. Check in to see how you can help.
A14: CSE212 | B14: Missing Assignment | C14: W03 Code: Set and Maps | D14: 4 | E14: 2 | F14: 100 | H14: y | I14: =DATE(YEAR(Setup!$C$4),MONTH(Setup!$C$4),DAY(Setup!$C$4)+((D14-1)*7)+(E14-WEEKDAY(DATE(YEAR(Setup!$C$4),MONTH(Setup!$C$4),DAY(Setup!$C$4)),1))) | J14: =I14+3 | K14: =(I14 + (7 - WEEKDAY(I14,1))) + 1 | L14: =F14*G14 | M14: Missing Assignment: W03 Code: Set and Maps | N14: Check in with student missing W03 Code: Set and Maps
A15: CSE212 | B15: Quiz Question | C15: W03 60-second Status Update: NeedHelp Answer: Yes | D15: 4 | E15: 2 | H15: y | I15: =DATE(YEAR(Setup!$C$4),MONTH(Setup!$C$4),DAY(Setup!$C$4)+((D15-1)*7)+(E15-WEEKDAY(DATE(YEAR(Setup!$C$4),MONTH(Setup!$C$4),DAY(Setup!$C$4)),1))) | J15: =I15+3 | K15: =(I15 + (7 - WEEKDAY(I15,1))) + 1 | L15: =F15*G15 | M15: Response to 60-second W03 Status Update. Student feels overwhelmed. | N15: Student responded feeling overwhelmed in W03 60-second Status Update. Reach out to student to see how you can help.
A16: CSE212 | B16: Grader-Issued 0 | C16: W03 Code: Set and Maps | D16: 4 | E16: 4 | F16: 100 | H16: y | I16: =DATE(YEAR(Setup!$C$4),MONTH(Setup!$C$4),DAY(Setup!$C$4)+((D16-1)*7)+(E16-WEEKDAY(DATE(YEAR(Setup!$C$4),MONTH(Setup!$C$4),DAY(Setup!$C$4)),1))) | J16: =I16+3 | K16: =(I16 + (7 - WEEKDAY(I16,1))) + 1 | L16: =F16*G16 | M16: The student was given a Grader issued 0 on W03 Code: Set and Maps | N16: Grader issued 0 for W03 Code: Set and Maps. Log into Canvas and see the grader comments. Work with the student to help resubmit.
A17: CSE212 | B17: Scheduled - Low Current Grade | C17: Withdraw Deadline Reminder | D17: 4 | E17: 4 | G17: 0.5 | H17: y | I17: =DATE(YEAR(Setup!$C$4),MONTH(Setup!$C$4),DAY(Setup!$C$4)+((D17-1)*7)+(E17-WEEKDAY(DATE(YEAR(Setup!$C$4),MONTH(Setup!$C$4),DAY(Setup!$C$4)),1))) | J17: =I17+3 | K17: =(I17 + (7 - WEEKDAY(I17,1))) + 1 | L17: =F17*G17 | M17: Failing student. Withdraw Reminder | N17: Email students who are currently failing with little chance to catch up, reminding them of the withdraw deadline.
A18: CSE212 | B18: High Performance | C18: W03 Code: Set and Maps | D18: 4 | E18: 5 | F18: 100 | G18: 0.9 | H18: y | I18: =DATE(YEAR(Setup!$C$4),MONTH(Setup!$C$4),DAY(Setup!$C$4)+((D18-1)*7)+(E18-WEEKDAY(DATE(YEAR(Setup!$C$4),MONTH(Setup!$C$4),DAY(Setup!$C$4)),1))) | J18: =I18+3 | K18: =(I18 + (7 - WEEKDAY(I18,1))) + 1 | L18: =F18*G18 | M18: High Performance: W03 Code: Set and Maps | N18: Provide Positive Feedback on W03 Code: Set and Maps
A19: CSE212 | B19: Low Performance | C19: W03 Code: Set and Maps | D19: 4 | E19: 5 | F19: 100 | G19: 0.7 | H19: y | I19: =DATE(YEAR(Setup!$C$4),MONTH(Setup!$C$4),DAY(Setup!$C$4)+((D19-1)*7)+(E19-WEEKDAY(DATE(YEAR(Setup!$C$4),MONTH(Setup!$C$4),DAY(Setup!$C$4)),1))) | J19: =I19+3 | K19: =(I19 + (7 - WEEKDAY(I19,1))) + 1 | L19: =F19*G19 | M19: Low Performance: W03 Code: Set and Maps | N19: At Risk. Student scored below 70% on W03 Code: Set and Maps. Check in to see how you can help.
A20: CSE212 | B20: Missing Assignment | C20: W04 Code: Linked Lists | D20: 5 | E20: 2 | F20: 100 | H20: y | I20: =DATE(YEAR(Setup!$C$4),MONTH(Setup!$C$4),DAY(Setup!$C$4)+((D20-1)*7)+(E20-WEEKDAY(DATE(YEAR(Setup!$C$4),MONTH(Setup!$C$4),DAY(Setup!$C$4)),1))) | J20: =I20+3 | K20: =(I20 + (7 - WEEKDAY(I20,1))) + 1 | L20: =F20*G20 | M20: Missing Assignment: W04 Code: Linked Lists | N20: Check in with student missing W04 Code: Linked Lists
A21: CSE212 | B21: Quiz Question | C21: W04 60-second Status Update: NeedHelp Answer: Yes | D21: 5 | E21: 2 | H21: y | I21: =DATE(YEAR(Setup!$C$4),MONTH(Setup!$C$4),DAY(Setup!$C$4)+((D21-1)*7)+(E21-WEEKDAY(DATE(YEAR(Setup!$C$4),MONTH(Setup!$C$4),DAY(Setup!$C$4)),1))) | J21: =I21+3 | K21: =(I21 + (7 - WEEKDAY(I21,1))) + 1 | L21: =F21*G21 | M21: Response to 60-second W04 Status Update. Student feels overwhelmed. | N21: Student responded feeling overwhelmed in W04 60-second Status Update. Reach out to student to see how you can help.
A22: CSE212 | B22: Grader-Issued 0 | C22: W04 Code: Linked Lists | D22: 5 | E22: 4 | F22: 100 | H22: y | I22: =DATE(YEAR(Setup!$C$4),MONTH(Setup!$C$4),DAY(Setup!$C$4)+((D22-1)*7)+(E22-WEEKDAY(DATE(YEAR(Setup!$C$4),MONTH(Setup!$C$4),DAY(Setup!$C$4)),1))) | J22: =I22+3 | K22: =(I22 + (7 - WEEKDAY(I22,1))) + 1 | L22: =F22*G22 | M22: The student was given a Grader issued 0 on W04 Code: Linked Lists | N22: Grader issued 0 for W04 Code: Linked Lists. Log into Canvas and see the grader comments. Work with the student to help resubmit.
A23: CSE212 | B23: Scheduled - Classwide | C23: Registration Reminder 1 | D23: 5 | E23: 4 | H23: y | I23: =DATE(YEAR(Setup!$C$4),MONTH(Setup!$C$4),DAY(Setup!$C$4)+((D23-1)*7)+(E23-WEEKDAY(DATE(YEAR(Setup!$C$4),MONTH(Setup!$C$4),DAY(Setup!$C$4)),1))) | J23: =I23+3 | K23: =(I23 + (7 - WEEKDAY(I23,1))) + 1 | L23: =F23*G23 | M23: Registration Reminder 1 | N23: Send a message to all students, reminding them that registration for the next block is now open and encouraging them to go and take action.
A24: CSE212 | B24: High Performance | C24: W04 Code: Linked Lists | D24: 5 | E24: 5 | F24: 100 | G24: 0.9 | H24: y | I24: =DATE(YEAR(Setup!$C$4),MONTH(Setup!$C$4),DAY(Setup!$C$4)+((D24-1)*7)+(E24-WEEKDAY(DATE(YEAR(Setup!$C$4),MONTH(Setup!$C$4),DAY(Setup!$C$4)),1))) | J24: =I24+3 | K24: =(I24 + (7 - WEEKDAY(I24,1))) + 1 | L24: =F24*G24 | M24: High Performance: W04 Code: Linked Lists | N24: Provide Positive Feedback on W04 Code: Linked Lists
A25: CSE212 | B25: Low Performance | C25: W04 Code: Linked Lists | D25: 5 | E25: 5 | F25: 100 | G25: 0.7 | H25: y | I25: =DATE(YEAR(Setup!$C$4),MONTH(Setup!$C$4),DAY(Setup!$C$4)+((D25-1)*7)+(E25-WEEKDAY(DATE(YEAR(Setup!$C$4),MONTH(Setup!$C$4),DAY(Setup!$C$4)),1))) | J25: =I25+3 | K25: =(I25 + (7 - WEEKDAY(I25,1))) + 1 | L25: =F25*G25 | M25: Low Performance: W04 Code: Linked Lists | N25: At Risk. Student scored below 70% on W04 Code: Linked Lists. Check in to see how you can help.
A26: CSE212 | B26: Missing Assignment | C26: W05 Code: Recursion | D26: 6 | E26: 2 | F26: 100 | H26: y | I26: =DATE(YEAR(Setup!$C$4),MONTH(Setup!$C$4),DAY(Setup!$C$4)+((D26-1)*7)+(E26-WEEKDAY(DATE(YEAR(Setup!$C$4),MONTH(Setup!$C$4),DAY(Setup!$C$4)),1))) | J26: =I26+3 | K26: =(I26 + (7 - WEEKDAY(I26,1))) + 1 | L26: =F26*G26 | M26: Missing Assignment: W05 Code: Recursion | N26: Check in with student missing W05 Code: Recursion
A27: CSE212 | B27: Quiz Question | C27: W05 60-second Status Update: NeedHelp Answer: Yes | D27: 6 | E27: 2 | H27: y | I27: =DATE(YEAR(Setup!$C$4),MONTH(Setup!$C$4),DAY(Setup!$C$4)+((D27-1)*7)+(E27-WEEKDAY(DATE(YEAR(Setup!$C$4),MONTH(Setup!$C$4),DAY(Setup!$C$4)),1))) | J27: =I27+3 | K27: =(I27 + (7 - WEEKDAY(I27,1))) + 1 | L27: =F27*G27 | M27: Response to 60-second W05 Status Update. Student feels overwhelmed. | N27: Student responded feeling overwhelmed in W05 60-second Status Update. Reach out to student to see how you can help.
A28: CSE212 | B28: Grader-Issued 0 | C28: W05 Code: Recursion | D28: 6 | E28: 4 | F28: 100 | H28: y | I28: =DATE(YEAR(Setup!$C$4),MONTH(Setup!$C$4),DAY(Setup!$C$4)+((D28-1)*7)+(E28-WEEKDAY(DATE(YEAR(Setup!$C$4),MONTH(Setup!$C$4),DAY(Setup!$C$4)),1))) | J28: =I28+3 | K28: =(I28 + (7 - WEEKDAY(I28,1))) + 1 | L28: =F28*G28 | M28: The student was given a Grader issued 0 on W05 Code: Recursion | N28: Grader issued 0 for W05 Code: Recursion. Log into Canvas and see the grader comments. Work with the student to help resubmit.
A29: CSE212 | B29: High Performance | C29: W05 Code: Recursion | D29: 6 | E29: 5 | F29: 100 | G29: 0.9 | H29: y | I29: =DATE(YEAR(Setup!$C$4),MONTH(Setup!$C$4),DAY(Setup!$C$4)+((D29-1)*7)+(E29-WEEKDAY(DATE(YEAR(Setup!$C$4),MONTH(Setup!$C$4),DAY(Setup!$C$4)),1))) | J29: =I29+3 | K29: =(I29 + (7 - WEEKDAY(I29,1))) + 1 | L29: =F29*G29 | M29: High Performance: W05 Code: Recursion | N29: Provide Positive Feedback on W05 Code: Recursion
A30: CSE212 | B30: Low Performance | C30: W05 Code: Recursion | D30: 6 | E30: 5 | F30: 100 | G30: 0.7 | H30: y | I30: =DATE(YEAR(Setup!$C$4),MONTH(Setup!$C$4),DAY(Setup!$C$4)+((D30-1)*7)+(E30-WEEKDAY(DATE(YEAR(Setup!$C$4),MONTH(Setup!$C$4),DAY(Setup!$C$4)),1))) | J30: =I30+3 | K30: =(I30 + (7 - WEEKDAY(I30,1))) + 1 | L30: =F30*G30 | M30: Low Performance: W05 Code: Recursion | N30: At Risk. Student scored below 70% on W05 Code: Recursion. Check in to see how you can help.
A31: CSE212 | B31: Scheduled - Classwide | C31: Registration Reminder 2 | D31: 7 | E31: 1 | H31: y | I31: =DATE(YEAR(Setup!$C$4),MONTH(Setup!$C$4),DAY(Setup!$C$4)+((D31-1)*7)+(E31-WEEKDAY(DATE(YEAR(Setup!$C$4),MONTH(Setup!$C$4),DAY(Setup!$C$4)),1))) | J31: =I31+3 | K31: =(I31 + (7 - WEEKDAY(I31,1))) + 1 | L31: =F31*G31 | M31: Registration Reminder 2 | N31: Send a message to all students, reminding them that registration for the next block is still open, but will be closing soon. Encourage them to go in and register as soon as possible.
A32: CSE212 | B32: Scheduled - Classwide | C32: End of Block Reminder | D32: 7 | E32: 2 | H32: y | I32: =DATE(YEAR(Setup!$C$4),MONTH(Setup!$C$4),DAY(Setup!$C$4)+((D32-1)*7)+(E32-WEEKDAY(DATE(YEAR(Setup!$C$4),MONTH(Setup!$C$4),DAY(Setup!$C$4)),1))) | J32: =I32+3 | K32: =(I32 + (7 - WEEKDAY(I32,1))) + 1 | L32: =F32*G32 | M32: End of Block Reminder | N32: Remind Students the course will be closing, submit assignments by deadline, complete End-of-Course Evaluation

Sheet CSE270
A1: Course | B1: Action Type | C1: Assignment | D1: Week of Outreach | E1: Day of Outreach | F1: Points Possible | G1: % + or - for Outreach | H1: Configured | I1: Start Date | J1: Due Date | K1: Expire Date | L1: Score | M1: Reason for Outreach Title (Drop Down in IMS) | N1: Description/Prompt in IMS
A2: CSE270 | B2: New Student Added | D2: 0 | E2: 2 | H2: y | I2: =DATE(YEAR(Setup!$C$4),MONTH(Setup!$C$4),DAY(Setup!$C$4)+((D2-1)*7)+(E2-WEEKDAY(DATE(YEAR(Setup!$C$4),MONTH(Setup!$C$4),DAY(Setup!$C$4)),1))) | J2: =I2+3 | K2: =(I2 + (7 - WEEKDAY(I2,1))) + 1 | L2: =F2*G2 | M2: Welcome Email | N2: Welcome students to your course
A3: CSE270 | B3: Scheduled - Not Logged In | C3: Not Logged In | D3: 1 | E3: 4 | H3: y | I3: =DATE(YEAR(Setup!$C$4),MONTH(Setup!$C$4),DAY(Setup!$C$4)+((D3-1)*7)+(E3-WEEKDAY(DATE(YEAR(Setup!$C$4),MONTH(Setup!$C$4),DAY(Setup!$C$4)),1))) | J3: =I3+3 | K3: =(I3 + (7 - WEEKDAY(I3,1))) + 1 | L3: =F3*G3 | M3: Not Logged into Canvas | N3: Email (outside the IMS) students who have not logged into Canvas, reminding them that term started and encouraging them to get started.
A4: CSE270 | B4: Missing Assignment | C4: W01 Activity: Setup Test Management Tools | D4: 2 | E4: 2 | H4: y | I4: =DATE(YEAR(Setup!$C$4),MONTH(Setup!$C$4),DAY(Setup!$C$4)+((D4-1)*7)+(E4-WEEKDAY(DATE(YEAR(Setup!$C$4),MONTH(Setup!$C$4),DAY(Setup!$C$4)),1))) | J4: =I4+3 | K4: =(I4 + (7 - WEEKDAY(I4,1))) + 1 | L4: =F4*G4 | M4: Missing Assignment: W01 Activity: Setup Test Management Tools | N4: Check in with student missing W01 Activity: Setup Test Management Tools
A5: CSE270 | B5: Grader-Issued 0 | C5: W01 Activity: Setup Test Management Tools | D5: 2 | E5: 4 | F5: 15 | H5: y | I5: =DATE(YEAR(Setup!$C$4),MONTH(Setup!$C$4),DAY(Setup!$C$4)+((D5-1)*7)+(E5-WEEKDAY(DATE(YEAR(Setup!$C$4),MONTH(Setup!$C$4),DAY(Setup!$C$4)),1))) | J5: =I5+3 | K5: =(I5 + (7 - WEEKDAY(I5,1))) + 1 | L5: =F5*G5 | M5: The student was given a Grader issued 0 on W01 Activity: Setup Test Management Tools | N5: Grader issued 0 for W01 Activity: Setup Test Management Tools. Log into Canvas and see the grader comments. Work with the student to help resubmit.
A6: CSE270 | B6: High Performance | C6: W01 Activity: Setup Test Management Tools | D6: 2 | E6: 5 | F6: 15 | G6: 0.9 | H6: y | I6: =DATE(YEAR(Setup!$C$4),MONTH(Setup!$C$4),DAY(Setup!$C$4)+((D6-1)*7)+(E6-WEEKDAY(DATE(YEAR(Setup!$C$4),MONTH(Setup!$C$4),DAY(Setup!$C$4)),1))) | J6: =I6+3 | K6: =(I6 + (7 - WEEKDAY(I6,1))) + 1 | L6: =F6*G6 | M6: High Performance: W01 Assignment: W01 Activity: Setup Test Management Tools | N6: Provide Positive Feedback on W01 Activity: Setup Test Management Tools
A7: CSE270 | B7: Low Performance | C7: W01 Activity: Setup Test Management Tools | D7: 2 | E7: 5 | F7: 15 | G7: 0.7 | H7: y | I7: =DATE(YEAR(Setup!$C$4),MONTH(Setup!$C$4),DAY(Setup!$C$4)+((D7-1)*7)+(E7-WEEKDAY(DATE(YEAR(Setup!$C$4),MONTH(Setup!$C$4),DAY(Setup!$C$4)),1))) | J7: =I7+3 | K7: =(I7 + (7 - WEEKDAY(I7,1))) + 1 | L7: =F7*G7 | M7: Low Performance: W01 Activity: Setup Test Management Tools | N7: At Risk. Student scored below 70% on W01 Activity: Setup Test Management Tools. Check in to see how you can help.
A8: CSE270 | B8: Missing Assignment | C8: W02 Activity: Test Case Generation | D8: 3 | E8: 2 | H8: y | I8: =DATE(YEAR(Setup!$C$4),MONTH(Setup!$C$4),DAY(Setup!$C$4)+((D8-1)*7)+(E8-WEEKDAY(DATE(YEAR(Setup!$C$4),MONTH(Setup!$C$4),DAY(Setup!$C$4)),1))) | J8: =I8+3 | K8: =(I8 + (7 - WEEKDAY(I8,1))) + 1 | L8: =F8*G8 | M8: Missing Assignment: W02 Activity: Test Case Generation | N8: Check in with student missing W02 Activity: Test Case Generation
A9: CSE270 | B9: Grader-Issued 0 | C9: W02 Activity: Test Case Generation | D9: 3 | E9: 4 | F9: 100 | H9: y | I9: =DATE(YEAR(Setup!$C$4),MONTH(Setup!$C$4),DAY(Setup!$C$4)+((D9-1)*7)+(E9-WEEKDAY(DATE(YEAR(Setup!$C$4),MONTH(Setup!$C$4),DAY(Setup!$C$4)),1))) | J9: =I9+3 | K9: =(I9 + (7 - WEEKDAY(I9,1))) + 1 | L9: =F9*G9 | M9: The student was given a Grader issued 0 on W02 Activity: Test Case Generation | N9: Grader issued 0 for W02 Activity: Test Case Generation. Log into Canvas and see the grader comments. Work with the student to help resubmit.
A10: CSE270 | B10: High Performance | C10: W02 Activity: Test Case Generation | D10: 3 | E10: 5 | F10: 100 | G10: 0.9 | H10: y | I10: =DATE(YEAR(Setup!$C$4),MONTH(Setup!$C$4),DAY(Setup!$C$4)+((D10-1)*7)+(E10-WEEKDAY(DATE(YEAR(Setup!$C$4),MONTH(Setup!$C$4),DAY(Setup!$C$4)),1))) | J10: =I10+3 | K10: =(I10 + (7 - WEEKDAY(I10,1))) + 1 | L10: =F10*G10 | M10: High Performance: W02 Activity: Test Case Generation | N10: Provide Positive Feedback on W02 Activity: Test Case Generation
A11: CSE270 | B11: Low Performance | C11: W02 Activity: Test Case Generation | D11: 3 | E11: 5 | F11: 100 | G11: 0.7 | H11: y | I11: =DATE(YEAR(Setup!$C$4),MONTH(Setup!$C$4),DAY(Setup!$C$4)+((D11-1)*7)+(E11-WEEKDAY(DATE(YEAR(Setup!$C$4),MONTH(Setup!$C$4),DAY(Setup!$C$4)),1))) | J11: =I11+3 | K11: =(I11 + (7 - WEEKDAY(I11,1))) + 1 | L11: =F11*G11 | M11: Low Performance: W02 Activity: Test Case Generation | N11: At Risk. Student scored below 70% on W02 Activity: Test Case Generation. Check in to see how you can help.
A12: CSE270 | B12: Missing Assignment | C12: W03 Assignment: Test Cases Execution | D12: 4 | E12: 2 | H12: y | I12: =DATE(YEAR(Setup!$C$4),MONTH(Setup!$C$4),DAY(Setup!$C$4)+((D12-1)*7)+(E12-WEEKDAY(DATE(YEAR(Setup!$C$4),MONTH(Setup!$C$4),DAY(Setup!$C$4)),1))) | J12: =I12+3 | K12: =(I12 + (7 - WEEKDAY(I12,1))) + 1 | L12: =F12*G12 | M12: Missing Assignment: W03 Assignment: Test Cases Execution | N12: Check in with student missing W03 Assignment: Test Cases Execution
A13: CSE270 | B13: Grader-Issued 0 | C13: W03 Assignment: Test Cases Execution | D13: 4 | E13: 4 | F13: 100 | H13: y | I13: =DATE(YEAR(Setup!$C$4),MONTH(Setup!$C$4),DAY(Setup!$C$4)+((D13-1)*7)+(E13-WEEKDAY(DATE(YEAR(Setup!$C$4),MONTH(Setup!$C$4),DAY(Setup!$C$4)),1))) | J13: =I13+3 | K13: =(I13 + (7 - WEEKDAY(I13,1))) + 1 | L13: =F13*G13 | M13: The student was given a Grader issued 0 on W03 Assignment: Test Cases Execution | N13: Grader issued 0 for W03 Assignment: Test Cases Execution. Log into Canvas and see the grader comments. Work with the student to help resubmit.
A14: CSE270 | B14: Scheduled - Low Current Grade | C14: Withdraw Deadline Reminder | D14: 4 | E14: 4 | G14: 0.5 | H14: y | I14: =DATE(YEAR(Setup!$C$4),MONTH(Setup!$C$4),DAY(Setup!$C$4)+((D14-1)*7)+(E14-WEEKDAY(DATE(YEAR(Setup!$C$4),MONTH(Setup!$C$4),DAY(Setup!$C$4)),1))) | J14: =I14+3 | K14: =(I14 + (7 - WEEKDAY(I14,1))) + 1 | L14: =F14*G14 | M14: Failing student. Withdraw Reminder | N14: Email students who are currently failing with little chance to catch up, reminding them of the withdraw deadline.
A15: CSE270 | B15: High Performance | C15: W03 Assignment: Test Cases Execution | D15: 4 | E15: 5 | F15: 100 | G15: 0.9 | H15: y | I15: =DATE(YEAR(Setup!$C$4),MONTH(Setup!$C$4),DAY(Setup!$C$4)+((D15-1)*7)+(E15-WEEKDAY(DATE(YEAR(Setup!$C$4),MONTH(Setup!$C$4),DAY(Setup!$C$4)),1))) | J15: =I15+3 | K15: =(I15 + (7 - WEEKDAY(I15,1))) + 1 | L15: =F15*G15 | M15: High Performance: W03 Assignment: Test Cases Execution | N15: Provide Positive Feedback on W03 Assignment: Test Cases Execution
A16: CSE270 | B16: Low Performance | C16: W03 Assignment: Test Cases Execution | D16: 4 | E16: 5 | F16: 100 | G16: 0.7 | H16: y | I16: =DATE(YEAR(Setup!$C$4),MONTH(Setup!$C$4),DAY(Setup!$C$4)+((D16-1)*7)+(E16-WEEKDAY(DATE(YEAR(Setup!$C$4),MONTH(Setup!$C$4),DAY(Setup!$C$4)),1))) | J16: =I16+3 | K16: =(I16 + (7 - WEEKDAY(I16,1))) + 1 | L16: =F16*G16 | M16: Low Performance: W03 Assignment: Test Cases Execution | N16: At Risk. Student scored below 70% on W03 Assignment: Test Cases Execution. Check in to see how you can help.
A17: CSE270 | B17: Missing Assignment | C17: W04 Activity: Regression and Integration Tests | D17: 5 | E17: 2 | H17: y | I17: =DATE(YEAR(Setup!$C$4),MONTH(Setup!$C$4),DAY(Setup!$C$4)+((D17-1)*7)+(E17-WEEKDAY(DATE(YEAR(Setup!$C$4),MONTH(Setup!$C$4),DAY(Setup!$C$4)),1))) | J17: =I17+3 | K17: =(I17 + (7 - WEEKDAY(I17,1))) + 1 | L17: =F17*G17 | M17: Missing Assignment: W04 Activity: Regression and Integration Tests | N17: Check in with student missing W04 Activity: Regression and Integration Tests
A18: CSE270 | B18: Grader-Issued 0 | C18: W04 Activity: Regression and Integration Tests | D18: 5 | E18: 4 | F18: 110 | H18: y | I18: =DATE(YEAR(Setup!$C$4),MONTH(Setup!$C$4),DAY(Setup!$C$4)+((D18-1)*7)+(E18-WEEKDAY(DATE(YEAR(Setup!$C$4),MONTH(Setup!$C$4),DAY(Setup!$C$4)),1))) | J18: =I18+3 | K18: =(I18 + (7 - WEEKDAY(I18,1))) + 1 | L18: =F18*G18 | M18: The student was given a Grader issued 0 on W04 Activity: Regression and Integration Tests | N18: Grader issued 0 for W04 Activity: Regression and Integration Tests. Log into Canvas and see the grader comments. Work with the student to help resubmit.
A19: CSE270 | B19: Scheduled - Classwide | C19: Registration Reminder 1 | D19: 5 | E19: 4 | H19: y | I19: =DATE(YEAR(Setup!$C$4),MONTH(Setup!$C$4),DAY(Setup!$C$4)+((D19-1)*7)+(E19-WEEKDAY(DATE(YEAR(Setup!$C$4),MONTH(Setup!$C$4),DAY(Setup!$C$4)),1))) | J19: =I19+3 | K19: =(I19 + (7 - WEEKDAY(I19,1))) + 1 | L19: =F19*G19 | M19: Registration Reminder 1 | N19: Send a message to all students, reminding them that registration for the next block is now open and encouraging them to go and take action.
A20: CSE270 | B20: High Performance | C20: W04 Activity: Regression and Integration Tests | D20: 5 | E20: 5 | F20: 110 | G20: 0.9 | H20: y | I20: =DATE(YEAR(Setup!$C$4),MONTH(Setup!$C$4),DAY(Setup!$C$4)+((D20-1)*7)+(E20-WEEKDAY(DATE(YEAR(Setup!$C$4),MONTH(Setup!$C$4),DAY(Setup!$C$4)),1))) | J20: =I20+3 | K20: =(I20 + (7 - WEEKDAY(I20,1))) + 1 | L20: =F20*G20 | M20: High Performance: W04 Activity: Regression and Integration Tests | N20: Provide Positive Feedback on W04 Activity: Regression and Integration Tests
A21: CSE270 | B21: Low Performance | C21: W04 Activity: Regression and Integration Tests | D21: 5 | E21: 5 | F21: 110 | G21: 0.7 | H21: y | I21: =DATE(YEAR(Setup!$C$4),MONTH(Setup!$C$4),DAY(Setup!$C$4)+((D21-1)*7)+(E21-WEEKDAY(DATE(YEAR(Setup!$C$4),MONTH(Setup!$C$4),DAY(Setup!$C$4)),1))) | J21: =I21+3 | K21: =(I21 + (7 - WEEKDAY(I21,1))) + 1 | L21: =F21*G21 | M21: Low Performance: W04 Activity: Regression and Integration Tests | N21: At Risk. Student scored below 70% on W04 Activity: Regression and Integration Tests. Check in to see how you can help.
A22: CSE270 | B22: Missing Assignment | C22: W05 Activity: Conducting a Load Test | D22: 6 | E22: 2 | H22: y | I22: =DATE(YEAR(Setup!$C$4),MONTH(Setup!$C$4),DAY(Setup!$C$4)+((D22-1)*7)+(E22-WEEKDAY(DATE(YEAR(Setup!$C$4),MONTH(Setup!$C$4),DAY(Setup!$C$4)),1))) | J22: =I22+3 | K22: =(I22 + (7 - WEEKDAY(I22,1))) + 1 | L22: =F22*G22 | M22: Missing Assignment: W05 Activity: Conducting a Load Test | N22: Check in with student missing W05 Activity: Conducting a Load Test
A23: CSE270 | B23: Grader-Issued 0 | C23: W05 Activity: Conducting a Load Test | D23: 6 | E23: 4 | F23: 50 | H23: y | I23: =DATE(YEAR(Setup!$C$4),MONTH(Setup!$C$4),DAY(Setup!$C$4)+((D23-1)*7)+(E23-WEEKDAY(DATE(YEAR(Setup!$C$4),MONTH(Setup!$C$4),DAY(Setup!$C$4)),1))) | J23: =I23+3 | K23: =(I23 + (7 - WEEKDAY(I23,1))) + 1 | L23: =F23*G23 | M23: The student was given a Grader issued 0 on W05 Activity: Conducting a Load Test | N23: Grader issued 0 for W05 Activity: Conducting a Load Test. Log into Canvas and see the grader comments. Work with the student to help resubmit.
A24: CSE270 | B24: High Performance | C24: W05 Activity: Conducting a Load Test | D24: 6 | E24: 5 | F24: 50 | G24: 0.9 | H24: y | I24: =DATE(YEAR(Setup!$C$4),MONTH(Setup!$C$4),DAY(Setup!$C$4)+((D24-1)*7)+(E24-WEEKDAY(DATE(YEAR(Setup!$C$4),MONTH(Setup!$C$4),DAY(Setup!$C$4)),1))) | J24: =I24+3 | K24: =(I24 + (7 - WEEKDAY(I24,1))) + 1 | L24: =F24*G24 | M24: High Performance: W05 Activity: Conducting a Load Test | N24: Provide Positive Feedback onW05 Activity: Conducting a Load Test
A25: CSE270 | B25: Low Performance | C25: W05 Activity: Conducting a Load Test | D25: 6 | E25: 5 | F25: 50 | G25: 0.7 | H25: y | I25: =DATE(YEAR(Setup!$C$4),MONTH(Setup!$C$4),DAY(Setup!$C$4)+((D25-1)*7)+(E25-WEEKDAY(DATE(YEAR(Setup!$C$4),MONTH(Setup!$C$4),DAY(Setup!$C$4)),1))) | J25: =I25+3 | K25: =(I25 + (7 - WEEKDAY(I25,1))) + 1 | L25: =F25*G25 | M25: Low Performance: W05 Activity: Conducting a Load Test | N25: At Risk. Student scored below 70% on W05 Activity: Conducting a Load Test. Check in to see how you can help.
A26: CSE270 | B26: Scheduled - Classwide | C26: Registration Reminder 2 | D26: 7 | E26: 1 | H26: y | I26: =DATE(YEAR(Setup!$C$4),MONTH(Setup!$C$4),DAY(Setup!$C$4)+((D26-1)*7)+(E26-WEEKDAY(DATE(YEAR(Setup!$C$4),MONTH(Setup!$C$4),DAY(Setup!$C$4)),1))) | J26: =I26+3 | K26: =(I26 + (7 - WEEKDAY(I26,1))) + 1 | L26: =F26*G26 | M26: Registration Reminder 2 | N26: Send a message to all students, reminding them that registration for the next block is still open, but will be closing soon. Encourage them to go in and register as soon as possible.
A27: CSE270 | B27: Scheduled - Classwide | C27: End of Block Reminder | D27: 7 | E27: 2 | H27: y | I27: =DATE(YEAR(Setup!$C$4),MONTH(Setup!$C$4),DAY(Setup!$C$4)+((D27-1)*7)+(E27-WEEKDAY(DATE(YEAR(Setup!$C$4),MONTH(Setup!$C$4),DAY(Setup!$C$4)),1))) | J27: =I27+3 | K27: =(I27 + (7 - WEEKDAY(I27,1))) + 1 | L27: =F27*G27 | M27: End of Block Reminder | N27: Remind Students the course will be closing, submit assignments by deadline, complete End-of-Course Evaluation
I33: =DATE(YEAR(Setup!$C$4),MONTH(Setup!$C$4),DAY(Setup!$C$4)+((D33-1)*7)+(E33-WEEKDAY(DATE(YEAR(Setup!$C$4),MONTH(Setup!$C$4),DAY(Setup!$C$4)),1))) | J33: =I33+3 | K33: =(I33 + (7 - WEEKDAY(I33,1))) + 1 | L33: =F33*G33
I34: =DATE(YEAR(Setup!$C$4),MONTH(Setup!$C$4),DAY(Setup!$C$4)+((D34-1)*7)+(E34-WEEKDAY(DATE(YEAR(Setup!$C$4),MONTH(Setup!$C$4),DAY(Setup!$C$4)),1))) | J34: =I34+3 | K34: =(I34 + (7 - WEEKDAY(I34,1))) + 1 | L34: =F34*G34
I35: =DATE(YEAR(Setup!$C$4),MONTH(Setup!$C$4),DAY(Setup!$C$4)+((D35-1)*7)+(E35-WEEKDAY(DATE(YEAR(Setup!$C$4),MONTH(Setup!$C$4),DAY(Setup!$C$4)),1))) | J35: =I35+3 | K35: =(I35 + (7 - WEEKDAY(I35,1))) + 1 | L35: =F35*G35
I36: =DATE(YEAR(Setup!$C$4),MONTH(Setup!$C$4),DAY(Setup!$C$4)+((D36-1)*7)+(E36-WEEKDAY(DATE(YEAR(Setup!$C$4),MONTH(Setup!$C$4),DAY(Setup!$C$4)),1))) | J36: =I36+3 | K36: =(I36 + (7 - WEEKDAY(I36,1))) + 1 | L36: =F36*G36
I37: =DATE(YEAR(Setup!$C$4),MONTH(Setup!$C$4),DAY(Setup!$C$4)+((D37-1)*7)+(E37-WEEKDAY(DATE(YEAR(Setup!$C$4),MONTH(Setup!$C$4),DAY(Setup!$C$4)),1))) | J37: =I37+3 | K37: =(I37 + (7 - WEEKDAY(I37,1))) + 1 | L37: =F37*G37
I38: =DATE(YEAR(Setup!$C$4),MONTH(Setup!$C$4),DAY(Setup!$C$4)+((D38-1)*7)+(E38-WEEKDAY(DATE(YEAR(Setup!$C$4),MONTH(Setup!$C$4),DAY(Setup!$C$4)),1))) | J38: =I38+3 | K38: =(I38 + (7 - WEEKDAY(I38,1))) + 1 | L38: =F38*G38
I39: =DATE(YEAR(Setup!$C$4),MONTH(Setup!$C$4),DAY(Setup!$C$4)+((D39-1)*7)+(E39-WEEKDAY(DATE(YEAR(Setup!$C$4),MONTH(Setup!$C$4),DAY(Setup!$C$4)),1))) | J39: =I39+3 | K39: =(I39 + (7 - WEEKDAY(I39,1))) + 1 | L39: =F39*G39
I40: =DATE(YEAR(Setup!$C$4),MONTH(Setup!$C$4),DAY(Setup!$C$4)+((D40-1)*7)+(E40-WEEKDAY(DATE(YEAR(Setup!$C$4),MONTH(Setup!$C$4),DAY(Setup!$C$4)),1))) | J40: =I40+3 | K40: =(I40 + (7 - WEEKDAY(I40,1))) + 1 | L40: =F40*G40
I41: =DATE(YEAR(Setup!$C$4),MONTH(Setup!$C$4),DAY(Setup!$C$4)+((D41-1)*7)+(E41-WEEKDAY(DATE(YEAR(Setup!$C$4),MONTH(Setup!$C$4),DAY(Setup!$C$4)),1))) | J41: =I41+3 | K41: =(I41 + (7 - WEEKDAY(I41,1))) + 1 | L41: =F41*G41
I42: =DATE(YEAR(Setup!$C$4),MONTH(Setup!$C$4),DAY(Setup!$C$4)+((D42-1)*7)+(E42-WEEKDAY(DATE(YEAR(Setup!$C$4),MONTH(Setup!$C$4),DAY(Setup!$C$4)),1))) | J42: =I42+3 | K42: =(I42 + (7 - WEEKDAY(I42,1))) + 1 | L42: =F42*G42
I43: =DATE(YEAR(Setup!$C$4),MONTH(Setup!$C$4),DAY(Setup!$C$4)+((D43-1)*7)+(E43-WEEKDAY(DATE(YEAR(Setup!$C$4),MONTH(Setup!$C$4),DAY(Setup!$C$4)),1))) | J43: =I43+3 | K43: =(I43 + (7 - WEEKDAY(I43,1))) + 1 | L43: =F43*G43
I44: =DATE(YEAR(Setup!$C$4),MONTH(Setup!$C$4),DAY(Setup!$C$4)+((D44-1)*7)+(E44-WEEKDAY(DATE(YEAR(Setup!$C$4),MONTH(Setup!$C$4),DAY(Setup!$C$4)),1))) | J44: =I44+3 | K44: =(I44 + (7 - WEEKDAY(I44,1))) + 1 | L44: =F44*G44
... I80: =DATE(YEAR(Setup!$C$4),MONTH(Setup!$C$4),DAY(Setup!$C$4)+((D80-1)*7)+(E80-WEEKDAY(DATE(YEAR(Setup!$C$4),MONTH(Setup!$C$4),DAY(Setup!$C$4)),1))) | J80: =I80+3 | K80: =(I80 + (7 - WEEKDAY(I80,1))) + 1 | L80: =F80*G80

Sheet CSE300
A1: Course | B1: Action Type | C1: Assignment | D1: Week of Outreach | E1: Day of Outreach | F1: Points Possible | G1: % + or - for Outreach | H1: Configured | I1: Start Date | J1: Due Date | K1: Expire Date | L1: Score | M1: Reason for Outreach Title (Drop Down in IMS) | N1: Description/Prompt in IMS
A2: CSE300 | B2: New Student Added | D2: 0 | E2: 2 | H2: y | I2: =DATE(YEAR(Setup!$C$4),MONTH(Setup!$C$4),DAY(Setup!$C$4)+((D2-1)*7)+(E2-WEEKDAY(DATE(YEAR(Setup!$C$4),MONTH(Setup!$C$4),DAY(Setup!$C$4)),1))) | J2: =I2+3 | K2: =(I2 + (7 - WEEKDAY(I2,1))) + 1 | L2: =F2*G2 | M2: Welcome Email | N2: Welcome students to your course
A3: CSE300 | B3: Scheduled - Not Logged In | C3: Not Logged In | D3: 1 | E3: 4 | H3: y | I3: =DATE(YEAR(Setup!$C$4),MONTH(Setup!$C$4),DAY(Setup!$C$4)+((D3-1)*7)+(E3-WEEKDAY(DATE(YEAR(Setup!$C$4),MONTH(Setup!$C$4),DAY(Setup!$C$4)),1))) | J3: =I3+3 | K3: =(I3 + (7 - WEEKDAY(I3,1))) + 1 | L3: =F3*G3 | M3: Not Logged into Canvas | N3: Email (outside the IMS) students who have not logged into Canvas, reminding them that term started and encouraging them to get started.
A4: CSE300 | B4: Missing Assignment | C4: W01 Assignment: Prepare Employer List | D4: 2 | E4: 2 | H4: y | I4: =DATE(YEAR(Setup!$C$4),MONTH(Setup!$C$4),DAY(Setup!$C$4)+((D4-1)*7)+(E4-WEEKDAY(DATE(YEAR(Setup!$C$4),MONTH(Setup!$C$4),DAY(Setup!$C$4)),1))) | J4: =I4+3 | K4: =(I4 + (7 - WEEKDAY(I4,1))) + 1 | L4: =F4*G4 | M4: Missing Assignment: W01 Assignment: Prepare Employer List | N4: Check in with student missing W01 Assignment: Prepare Employer List
A5: CSE300 | B5: Grader-Issued 0 | C5: W01 Assignment: Prepare Employer List | D5: 2 | E5: 4 | F5: 100 | H5: y | I5: =DATE(YEAR(Setup!$C$4),MONTH(Setup!$C$4),DAY(Setup!$C$4)+((D5-1)*7)+(E5-WEEKDAY(DATE(YEAR(Setup!$C$4),MONTH(Setup!$C$4),DAY(Setup!$C$4)),1))) | J5: =I5+3 | K5: =(I5 + (7 - WEEKDAY(I5,1))) + 1 | L5: =F5*G5 | M5: The student was given a Grader issued 0 on W01 Assignment: Prepare Employer List | N5: Grader issued 0 for W01 Assignment: Prepare Employer List. Log into Canvas and see the grader comments. Work with the student to help resubmit.
A6: CSE300 | B6: High Performance | C6: W01 Assignment: Prepare Employer List | D6: 2 | E6: 5 | F6: 100 | G6: 0.9 | H6: y | I6: =DATE(YEAR(Setup!$C$4),MONTH(Setup!$C$4),DAY(Setup!$C$4)+((D6-1)*7)+(E6-WEEKDAY(DATE(YEAR(Setup!$C$4),MONTH(Setup!$C$4),DAY(Setup!$C$4)),1))) | J6: =I6+3 | K6: =(I6 + (7 - WEEKDAY(I6,1))) + 1 | L6: =F6*G6 | M6: High Performance: W01 Assignment: Prepare Employer List | N6: Provide Positive Feedback on W01 Assignment: Prepare Employer List
A7: CSE300 | B7: Low Performance | C7: W01 Assignment: Prepare Employer List | D7: 2 | E7: 5 | F7: 100 | G7: 0.7 | H7: y | I7: =DATE(YEAR(Setup!$C$4),MONTH(Setup!$C$4),DAY(Setup!$C$4)+((D7-1)*7)+(E7-WEEKDAY(DATE(YEAR(Setup!$C$4),MONTH(Setup!$C$4),DAY(Setup!$C$4)),1))) | J7: =I7+3 | K7: =(I7 + (7 - WEEKDAY(I7,1))) + 1 | L7: =F7*G7 | M7: Low Performance: W01 Assignment: Prepare Employer List | N7: At Risk. Student scored below 70% on W01 Assignment: Prepare Employer List Check in to see how you can help.
A8: CSE300 | B8: Quiz Question | C8: W01 60-second Status Update: NeedHelp Answer: Yes | D8: 2 | E8: 2 | M8: Response to W01 60-second Status Update - Student responded they are overwhelmed. | N8: Student responded feeling overwhelmed to W01 60-second Status Update. Reach out to student to see how you can help.
A9: CSE300 | B9: Missing Assignment | C9: W02 Assignment: Contact People for Informational Interviews | D9: 3 | E9: 2 | H9: y | I9: =DATE(YEAR(Setup!$C$4),MONTH(Setup!$C$4),DAY(Setup!$C$4)+((D9-1)*7)+(E9-WEEKDAY(DATE(YEAR(Setup!$C$4),MONTH(Setup!$C$4),DAY(Setup!$C$4)),1))) | J9: =I9+3 | K9: =(I9 + (7 - WEEKDAY(I9,1))) + 1 | L9: =F9*G9 | M9: Missing Assignment: W02 Assignment: Contact People for Informational Interviews | N9: Check in with student missing W02 Assignment: Contact People for Informational Interviews
A10: CSE300 | B10: Grader-Issued 0 | C10: W02 Assignment: Contact People for Informational Interviews | D10: 3 | E10: 4 | F10: 100 | H10: y | I10: =DATE(YEAR(Setup!$C$4),MONTH(Setup!$C$4),DAY(Setup!$C$4)+((D10-1)*7)+(E10-WEEKDAY(DATE(YEAR(Setup!$C$4),MONTH(Setup!$C$4),DAY(Setup!$C$4)),1))) | J10: =I10+3 | K10: =(I10 + (7 - WEEKDAY(I10,1))) + 1 | L10: =F10*G10 | M10: The student was given a Grader issued 0 on W02 Assignment: Contact People for Informational Interviews | N10: Grader issued 0 for W02 Assignment: Contact People for Informational Interviews. Log into Canvas and see the grader comments. Work with the student to help resubmit.
A11: CSE300 | B11: High Performance | C11: W02 Assignment: Contact People for Informational Interviews | D11: 3 | E11: 5 | F11: 100 | G11: 0.9 | H11: y | I11: =DATE(YEAR(Setup!$C$4),MONTH(Setup!$C$4),DAY(Setup!$C$4)+((D11-1)*7)+(E11-WEEKDAY(DATE(YEAR(Setup!$C$4),MONTH(Setup!$C$4),DAY(Setup!$C$4)),1))) | J11: =I11+3 | K11: =(I11 + (7 - WEEKDAY(I11,1))) + 1 | L11: =F11*G11 | M11: High Performance: W02 Assignment: Contact People for Informational Interviews | N11: Provide Positive Feedback on W02 Assignment: Contact People for Informational Interviews
A12: CSE300 | B12: Low Performance | C12: W02 Assignment: Contact People for Informational Interviews | D12: 3 | E12: 5 | F12: 100 | G12: 0.7 | H12: y | I12: =DATE(YEAR(Setup!$C$4),MONTH(Setup!$C$4),DAY(Setup!$C$4)+((D12-1)*7)+(E12-WEEKDAY(DATE(YEAR(Setup!$C$4),MONTH(Setup!$C$4),DAY(Setup!$C$4)),1))) | J12: =I12+3 | K12: =(I12 + (7 - WEEKDAY(I12,1))) + 1 | L12: =F12*G12 | M12: Low Performance: W02 Assignment: Contact People for Informational Interviews | N12: At Risk. Student scored below 70% on W02 Assignment: Contact People for Informational Interviews. Check in to see how you can help.
A13: CSE300 | B13: Quiz Question | C13: W02 60-second Status Update: NeedHelp Answer: Yes | D13: 3 | E13: 2 | M13: Response to W02 60-second Status Update - Student responded they are overwhelmed. | N13: Student responded feeling overwhelmed to W02 60-second Status Update. Reach out to student to see how you can help.
A14: CSE300 | B14: Missing Assignment | C14: W03 Assignment: Portfolio Evaluation | D14: 4 | E14: 2 | H14: y | I14: =DATE(YEAR(Setup!$C$4),MONTH(Setup!$C$4),DAY(Setup!$C$4)+((D14-1)*7)+(E14-WEEKDAY(DATE(YEAR(Setup!$C$4),MONTH(Setup!$C$4),DAY(Setup!$C$4)),1))) | J14: =I14+3 | K14: =(I14 + (7 - WEEKDAY(I14,1))) + 1 | L14: =F14*G14 | M14: Missing Assignment: W03 Assignment: Portfolio Evaluation | N14: Check in with student missing W03 Assignment: Portfolio Evaluation
A15: CSE300 | B15: Grader-Issued 0 | C15: W03 Assignment: Portfolio Evaluation | D15: 4 | E15: 4 | F15: 100 | H15: y | I15: =DATE(YEAR(Setup!$C$4),MONTH(Setup!$C$4),DAY(Setup!$C$4)+((D15-1)*7)+(E15-WEEKDAY(DATE(YEAR(Setup!$C$4),MONTH(Setup!$C$4),DAY(Setup!$C$4)),1))) | J15: =I15+3 | K15: =(I15 + (7 - WEEKDAY(I15,1))) + 1 | L15: =F15*G15 | M15: The student was given a Grader issued 0 on W03 Assignment: Portfolio Evaluation | N15: Grader issued 0 for W03 Assignment: Portfolio Evaluation. Log into Canvas and see the grader comments. Work with the student to help resubmit.
A16: CSE300 | B16: Scheduled - Low Current Grade | C16: Withdraw Deadline Reminder | D16: 4 | E16: 4 | G16: 0.5 | H16: y | I16: =DATE(YEAR(Setup!$C$4),MONTH(Setup!$C$4),DAY(Setup!$C$4)+((D16-1)*7)+(E16-WEEKDAY(DATE(YEAR(Setup!$C$4),MONTH(Setup!$C$4),DAY(Setup!$C$4)),1))) | J16: =I16+3 | K16: =(I16 + (7 - WEEKDAY(I16,1))) + 1 | L16: =F16*G16 | M16: Failing student. Withdraw Reminder | N16: Email students who are currently failing with little chance to catch up, reminding them of the withdraw deadline.
A17: CSE300 | B17: High Performance | C17: W03 Assignment: Portfolio Evaluation | D17: 4 | E17: 5 | F17: 100 | G17: 0.9 | H17: y | I17: =DATE(YEAR(Setup!$C$4),MONTH(Setup!$C$4),DAY(Setup!$C$4)+((D17-1)*7)+(E17-WEEKDAY(DATE(YEAR(Setup!$C$4),MONTH(Setup!$C$4),DAY(Setup!$C$4)),1))) | J17: =I17+3 | K17: =(I17 + (7 - WEEKDAY(I17,1))) + 1 | L17: =F17*G17 | M17: High Performance: W03 Assignment: Portfolio Evaluation | N17: Provide Positive Feedback on W03 Assignment: Portfolio Evaluation
A18: CSE300 | B18: Low Performance | C18: W03 Assignment: Portfolio Evaluation | D18: 4 | E18: 5 | F18: 100 | G18: 0.7 | H18: y | I18: =DATE(YEAR(Setup!$C$4),MONTH(Setup!$C$4),DAY(Setup!$C$4)+((D18-1)*7)+(E18-WEEKDAY(DATE(YEAR(Setup!$C$4),MONTH(Setup!$C$4),DAY(Setup!$C$4)),1))) | J18: =I18+3 | K18: =(I18 + (7 - WEEKDAY(I18,1))) + 1 | L18: =F18*G18 | M18: Low Performance: W03 Assignment: Portfolio Evaluation | N18: At Risk. Student scored below 70% on W03 Assignment: Portfolio Evaluation. Check in to see how you can help.
A19: CSE300 | B19: Quiz Question | C19: W03 60-second Status Update: NeedHelp Answer: Yes | D19: 4 | E19: 2 | M19: Response to W03 60-second Status Update - Student responded they are overwhelmed. | N19: Student responded feeling overwhelmed to W03 60-second Status Update. Reach out to student to see how you can help.
A20: CSE300 | B20: Missing Assignment | C20: W04 Assignment: Conduct Technical Interviews | D20: 5 | E20: 2 | H20: y | I20: =DATE(YEAR(Setup!$C$4),MONTH(Setup!$C$4),DAY(Setup!$C$4)+((D20-1)*7)+(E20-WEEKDAY(DATE(YEAR(Setup!$C$4),MONTH(Setup!$C$4),DAY(Setup!$C$4)),1))) | J20: =I20+3 | K20: =(I20 + (7 - WEEKDAY(I20,1))) + 1 | L20: =F20*G20 | M20: Missing Assignment: W04 Assignment: Conduct Technical Interviews | N20: Check in with student missing W04 Assignment: Conduct Technical Interviews
A21: CSE300 | B21: Grader-Issued 0 | C21: W04 Assignment: Conduct Technical Interviews | D21: 5 | E21: 4 | F21: 100 | H21: y | I21: =DATE(YEAR(Setup!$C$4),MONTH(Setup!$C$4),DAY(Setup!$C$4)+((D21-1)*7)+(E21-WEEKDAY(DATE(YEAR(Setup!$C$4),MONTH(Setup!$C$4),DAY(Setup!$C$4)),1))) | J21: =I21+3 | K21: =(I21 + (7 - WEEKDAY(I21,1))) + 1 | L21: =F21*G21 | M21: The student was given a Grader issued 0 on W04 Assignment: Conduct Technical Interviews | N21: Grader issued 0 for W04 Assignment: Conduct Technical Interviews. Log into Canvas and see the grader comments. Work with the student to help resubmit.
A22: CSE300 | B22: Scheduled - Classwide | C22: Registration Reminder 1 | D22: 5 | E22: 4 | H22: y | I22: =DATE(YEAR(Setup!$C$4),MONTH(Setup!$C$4),DAY(Setup!$C$4)+((D22-1)*7)+(E22-WEEKDAY(DATE(YEAR(Setup!$C$4),MONTH(Setup!$C$4),DAY(Setup!$C$4)),1))) | J22: =I22+3 | K22: =(I22 + (7 - WEEKDAY(I22,1))) + 1 | L22: =F22*G22 | M22: Registration Reminder 1 | N22: Send a message to all students, reminding them that registration for the next block is now open and encouraging them to go and take action.
A23: CSE300 | B23: High Performance | C23: W04 Assignment: Conduct Technical Interviews | D23: 5 | E23: 5 | F23: 100 | G23: 0.9 | H23: y | I23: =DATE(YEAR(Setup!$C$4),MONTH(Setup!$C$4),DAY(Setup!$C$4)+((D23-1)*7)+(E23-WEEKDAY(DATE(YEAR(Setup!$C$4),MONTH(Setup!$C$4),DAY(Setup!$C$4)),1))) | J23: =I23+3 | K23: =(I23 + (7 - WEEKDAY(I23,1))) + 1 | L23: =F23*G23 | M23: High Performance: W04 Assignment: Conduct Technical Interviews | N23: Provide Positive Feedback on W04 Assignment: Conduct Technical Interviews
A24: CSE300 | B24: Low Performance | C24: W04 Assignment: Conduct Technical Interviews | D24: 5 | E24: 5 | F24: 100 | G24: 0.7 | H24: y | I24: =DATE(YEAR(Setup!$C$4),MONTH(Setup!$C$4),DAY(Setup!$C$4)+((D24-1)*7)+(E24-WEEKDAY(DATE(YEAR(Setup!$C$4),MONTH(Setup!$C$4),DAY(Setup!$C$4)),1))) | J24: =I24+3 | K24: =(I24 + (7 - WEEKDAY(I24,1))) + 1 | L24: =F24*G24 | M24: Low Performance: W04 Assignment: Conduct Technical Interviews | N24: At Risk. Student scored below 70% on W04 Assignment: Conduct Technical Interviews. Check in to see how you can help.
A25: CSE300 | B25: Quiz Question | C25: W04 60-second Status Update: NeedHelp Answer: Yes | D25: 5 | E25: 2 | M25: Response to W04 60-second Status Update - Student responded they are overwhelmed. | N25: Student responded feeling overwhelmed to W04 60-second Status Update. Reach out to student to see how you can help.
A26: CSE300 | B26: Missing Assignment | C26: W05 Assignment: Informational Interview #1 Report | D26: 6 | E26: 2 | H26: y | I26: =DATE(YEAR(Setup!$C$4),MONTH(Setup!$C$4),DAY(Setup!$C$4)+((D26-1)*7)+(E26-WEEKDAY(DATE(YEAR(Setup!$C$4),MONTH(Setup!$C$4),DAY(Setup!$C$4)),1))) | J26: =I26+3 | K26: =(I26 + (7 - WEEKDAY(I26,1))) + 1 | L26: =F26*G26 | M26: Missing Assignment: W05 Assignment: Informational Interview #1 Report | N26: Check in with student missing W05 Assignment: Informational Interview #1 Report
A27: CSE300 | B27: Grader-Issued 0 | C27: W05 Assignment: Informational Interview #1 Report | D27: 6 | E27: 4 | F27: 100 | H27: y | I27: =DATE(YEAR(Setup!$C$4),MONTH(Setup!$C$4),DAY(Setup!$C$4)+((D27-1)*7)+(E27-WEEKDAY(DATE(YEAR(Setup!$C$4),MONTH(Setup!$C$4),DAY(Setup!$C$4)),1))) | J27: =I27+3 | K27: =(I27 + (7 - WEEKDAY(I27,1))) + 1 | L27: =F27*G27 | M27: The student was given a Grader issued 0 on W05 Assignment: Informational Interview #1 Report | N27: Grader issued 0 for W05 Assignment: Informational Interview #1 Report. Log into Canvas and see the grader comments. Work with the student to help resubmit.
A28: CSE300 | B28: High Performance | C28: W05 Assignment: Informational Interview #1 Report | D28: 6 | E28: 5 | F28: 100 | G28: 0.9 | H28: y | I28: =DATE(YEAR(Setup!$C$4),MONTH(Setup!$C$4),DAY(Setup!$C$4)+((D28-1)*7)+(E28-WEEKDAY(DATE(YEAR(Setup!$C$4),MONTH(Setup!$C$4),DAY(Setup!$C$4)),1))) | J28: =I28+3 | K28: =(I28 + (7 - WEEKDAY(I28,1))) + 1 | L28: =F28*G28 | M28: High Performance:W05 Assignment: Informational Interview #1 Report | N28: Provide Positive Feedback on W05 Assignment: Informational Interview #1 Report
A29: CSE300 | B29: Low Performance | C29: W05 Assignment: Informational Interview #1 Report | D29: 6 | E29: 5 | F29: 100 | G29: 0.7 | H29: y | I29: =DATE(YEAR(Setup!$C$4),MONTH(Setup!$C$4),DAY(Setup!$C$4)+((D29-1)*7)+(E29-WEEKDAY(DATE(YEAR(Setup!$C$4),MONTH(Setup!$C$4),DAY(Setup!$C$4)),1))) | J29: =I29+3 | K29: =(I29 + (7 - WEEKDAY(I29,1))) + 1 | L29: =F29*G29 | M29: Low Performance: W05 Assignment: Informational Interview #1 Report | N29: At Risk. Student scored below 70% on W05 Assignment: Informational Interview #1 Report. Check in to see how you can help.
A30: CSE300 | B30: Quiz Question | C30: W05 60-second Status Update: NeedHelp Answer: Yes | D30: 5 | E30: 2 | M30: Response to W05 60-second Status Update - Student responded they are overwhelmed. | N30: Student responded feeling overwhelmed to W05 60-second Status Update. Reach out to student to see how you can help.
A31: CSE300 | B31: Scheduled - Classwide | C31: Registration Reminder 2 | D31: 7 | E31: 1 | H31: y | I31: =DATE(YEAR(Setup!$C$4),MONTH(Setup!$C$4),DAY(Setup!$C$4)+((D31-1)*7)+(E31-WEEKDAY(DATE(YEAR(Setup!$C$4),MONTH(Setup!$C$4),DAY(Setup!$C$4)),1))) | J31: =I31+3 | K31: =(I31 + (7 - WEEKDAY(I31,1))) + 1 | L31: =F31*G31 | M31: Registration Reminder 2 | N31: Send a message to all students, reminding them that registration for the next block is still open, but will be closing soon. Encourage them to go in and register as soon as possible.
A32: CSE300 | B32: Scheduled - Classwide | C32: End of Block Reminder | D32: 7 | E32: 2 | H32: y | I32: =DATE(YEAR(Setup!$C$4),MONTH(Setup!$C$4),DAY(Setup!$C$4)+((D32-1)*7)+(E32-WEEKDAY(DATE(YEAR(Setup!$C$4),MONTH(Setup!$C$4),DAY(Setup!$C$4)),1))) | J32: =I32+3 | K32: =(I32 + (7 - WEEKDAY(I32,1))) + 1 | L32: =F32*G32 | M32: End of Block Reminder | N32: Remind Students the course will be closing, submit assignments by deadline, complete End-of-Course Evaluation
I33: =DATE(YEAR(Setup!$C$4),MONTH(Setup!$C$4),DAY(Setup!$C$4)+((D33-1)*7)+(E33-WEEKDAY(DATE(YEAR(Setup!$C$4),MONTH(Setup!$C$4),DAY(Setup!$C$4)),1))) | J33: =I33+3 | K33: =(I33 + (7 - WEEKDAY(I33,1))) + 1 | L33: =F33*G33
I34: =DATE(YEAR(Setup!$C$4),MONTH(Setup!$C$4),DAY(Setup!$C$4)+((D34-1)*7)+(E34-WEEKDAY(DATE(YEAR(Setup!$C$4),MONTH(Setup!$C$4),DAY(Setup!$C$4)),1))) | J34: =I34+3 | K34: =(I34 + (7 - WEEKDAY(I34,1))) + 1 | L34: =F34*G34
I35: =DATE(YEAR(Setup!$C$4),MONTH(Setup!$C$4),DAY(Setup!$C$4)+((D35-1)*7)+(E35-WEEKDAY(DATE(YEAR(Setup!$C$4),MONTH(Setup!$C$4),DAY(Setup!$C$4)),1))) | J35: =I35+3 | K35: =(I35 + (7 - WEEKDAY(I35,1))) + 1 | L35: =F35*G35
I36: =DATE(YEAR(Setup!$C$4),MONTH(Setup!$C$4),DAY(Setup!$C$4)+((D36-1)*7)+(E36-WEEKDAY(DATE(YEAR(Setup!$C$4),MONTH(Setup!$C$4),DAY(Setup!$C$4)),1))) | J36: =I36+3 | K36: =(I36 + (7 - WEEKDAY(I36,1))) + 1 | L36: =F36*G36
I37: =DATE(YEAR(Setup!$C$4),MONTH(Setup!$C$4),DAY(Setup!$C$4)+((D37-1)*7)+(E37-WEEKDAY(DATE(YEAR(Setup!$C$4),MONTH(Setup!$C$4),DAY(Setup!$C$4)),1))) | J37: =I37+3 | K37: =(I37 + (7 - WEEKDAY(I37,1))) + 1 | L37: =F37*G37
I38: =DATE(YEAR(Setup!$C$4),MONTH(Setup!$C$4),DAY(Setup!$C$4)+((D38-1)*7)+(E38-WEEKDAY(DATE(YEAR(Setup!$C$4),MONTH(Setup!$C$4),DAY(Setup!$C$4)),1))) | J38: =I38+3 | K38: =(I38 + (7 - WEEKDAY(I38,1))) + 1 | L38: =F38*G38
I39: =DATE(YEAR(Setup!$C$4),MONTH(Setup!$C$4),DAY(Setup!$C$4)+((D39-1)*7)+(E39-WEEKDAY(DATE(YEAR(Setup!$C$4),MONTH(Setup!$C$4),DAY(Setup!$C$4)),1))) | J39: =I39+3 | K39: =(I39 + (7 - WEEKDAY(I39,1))) + 1 | L39: =F39*G39
I40: =DATE(YEAR(Setup!$C$4),MONTH(Setup!$C$4),DAY(Setup!$C$4)+((D40-1)*7)+(E40-WEEKDAY(DATE(YEAR(Setup!$C$4),MONTH(Setup!$C$4),DAY(Setup!$C$4)),1))) | J40: =I40+3 | K40: =(I40 + (7 - WEEKDAY(I40,1))) + 1 | L40: =F40*G40
I41: =DATE(YEAR(Setup!$C$4),MONTH(Setup!$C$4),DAY(Setup!$C$4)+((D41-1)*7)+(E41-WEEKDAY(DATE(YEAR(Setup!$C$4),MONTH(Setup!$C$4),DAY(Setup!$C$4)),1))) | J41: =I41+3 | K41: =(I41 + (7 - WEEKDAY(I41,1))) + 1 | L41: =F41*G41
I42: =DATE(YEAR(Setup!$C$4),MONTH(Setup!$C$4),DAY(Setup!$C$4)+((D42-1)*7)+(E42-WEEKDAY(DATE(YEAR(Setup!$C$4),MONTH(Setup!$C$4),DAY(Setup!$C$4)),1))) | J42: =I42+3 | K42: =(I42 + (7 - WEEKDAY(I42,1))) + 1 | L42: =F42*G42
I43: =DATE(YEAR(Setup!$C$4),MONTH(Setup!$C$4),DAY(Setup!$C$4)+((D43-1)*7)+(E43-WEEKDAY(DATE(YEAR(Setup!$C$4),MONTH(Setup!$C$4),DAY(Setup!$C$4)),1))) | J43: =I43+3 | K43: =(I43 + (7 - WEEKDAY(I43,1))) + 1 | L43: =F43*G43
I44: =DATE(YEAR(Setup!$C$4),MONTH(Setup!$C$4),DAY(Setup!$C$4)+((D44-1)*7)+(E44-WEEKDAY(DATE(YEAR(Setup!$C$4),MONTH(Setup!$C$4),DAY(Setup!$C$4)),1))) | J44: =I44+3 | K44: =(I44 + (7 - WEEKDAY(I44,1))) + 1 | L44: =F44*G44
... I85: =DATE(YEAR(Setup!$C$4),MONTH(Setup!$C$4),DAY(Setup!$C$4)+((D85-1)*7)+(E85-WEEKDAY(DATE(YEAR(Setup!$C$4),MONTH(Setup!$C$4),DAY(Setup!$C$4)),1))) | J85: =I85+3 | K85: =(I85 + (7 - WEEKDAY(I85,1))) + 1 | L85: =F85*G85

Sheet CSE310
A1: Course | B1: Action Type | C1: Assignment | D1: Week of Outreach | E1: Day of Outreach | F1: Points Possible | G1: % + or - for Outreach | H1: Configured | I1: Start Date | J1: Due Date | K1: Expire Date | L1: Score | M1: Reason for Outreach Title (Drop Down in IMS) | N1: Description/Prompt in IMS
A2: CSE310 | B2: New Student Added | D2: 0 | E2: 2 | H2: y | I2: =DATE(YEAR(Setup!$C$4),MONTH(Setup!$C$4),DAY(Setup!$C$4)+((D2-1)*7)+(E2-WEEKDAY(DATE(YEAR(Setup!$C$4),MONTH(Setup!$C$4),DAY(Setup!$C$4)),1))) | J2: =I2+3 | K2: =(I2 + (7 - WEEKDAY(I2,1))) + 1 | L2: =F2*G2 | M2: E-mail de Boas-vindas | N2: Boas-vindas aos alunos no seu curso
A3: CSE310 | B3: Scheduled - Not Logged In | C3: Não entrou | D3: 1 | E3: 4 | H3: y | I3: =DATE(YEAR(Setup!$C$4),MONTH(Setup!$C$4),DAY(Setup!$C$4)+((D3-1)*7)+(E3-WEEKDAY(DATE(YEAR(Setup!$C$4),MONTH(Setup!$C$4),DAY(Setup!$C$4)),1))) | J3: =I3+3 | K3: =(I3 + (7 - WEEKDAY(I3,1))) + 1 | L3: =F3*G3 | M3: Não fez login no Canvas | N3: Envie um e-mail (fora do IMS) para os estudantes que não fizeram login no Canvas, lembrando-os de que o período letivo começou e incentivando-os a começar.
A4: CSE310 | B4: Missing Assignment | C4: S01 - Atividade: Criar o Módulo Hello World | D4: 2 | E4: 2 | H4: y | I4: =DATE(YEAR(Setup!$C$4),MONTH(Setup!$C$4),DAY(Setup!$C$4)+((D4-1)*7)+(E4-WEEKDAY(DATE(YEAR(Setup!$C$4),MONTH(Setup!$C$4),DAY(Setup!$C$4)),1))) | J4: =I4+3 | K4: =(I4 + (7 - WEEKDAY(I4,1))) + 1 | L4: =F4*G4 | M4: Tarefa Pendente: Tarefa da W01: Criar Módulo Hello World | N4: Entre em contato com o aluno que não entregou a Tarefa da W01: Criar Módulo Olá Mundo
A5: CSE310 | B5: Grader-Issued 0 | C5: S01 - Atividade: Criar o Módulo Hello World | D5: 2 | E5: 4 | F5: 50 | H5: y | I5: =DATE(YEAR(Setup!$C$4),MONTH(Setup!$C$4),DAY(Setup!$C$4)+((D5-1)*7)+(E5-WEEKDAY(DATE(YEAR(Setup!$C$4),MONTH(Setup!$C$4),DAY(Setup!$C$4)),1))) | J5: =I5+3 | K5: =(I5 + (7 - WEEKDAY(I5,1))) + 1 | L5: =F5*G5 | M5: O aluno recebeu nota 0 atribuída pelo avaliador na Tarefa W01: Criar Módulo Olá Mundo | N5: O avaliador atribuiu nota 0 para a Tarefa da W01: Criar Módulo Hello WorldAcesse o Canvas e veja os comentários do avaliador. Trabalhe com o aluno para ajudá-lo a enviar novamente.
A6: CSE310 | B6: High Performance | C6: S01 - Atividade: Criar o Módulo Hello World | D6: 2 | E6: 5 | F6: 50 | G6: 0.9 | H6: y | I6: =DATE(YEAR(Setup!$C$4),MONTH(Setup!$C$4),DAY(Setup!$C$4)+((D6-1)*7)+(E6-WEEKDAY(DATE(YEAR(Setup!$C$4),MONTH(Setup!$C$4),DAY(Setup!$C$4)),1))) | J6: =I6+3 | K6: =(I6 + (7 - WEEKDAY(I6,1))) + 1 | L6: =F6*G6 | M6: Alto desempenho: Tarefa W01: Create Hello World Module | N6: Fornecer Feedback Positivo na Tarefa da W01: Criar Módulo Hello World
A7: CSE310 | B7: Low Performance | C7: S01 - Atividade: Criar o Módulo Hello World | D7: 2 | E7: 5 | F7: 50 | G7: 0.7 | H7: y | I7: =DATE(YEAR(Setup!$C$4),MONTH(Setup!$C$4),DAY(Setup!$C$4)+((D7-1)*7)+(E7-WEEKDAY(DATE(YEAR(Setup!$C$4),MONTH(Setup!$C$4),DAY(Setup!$C$4)),1))) | J7: =I7+3 | K7: =(I7 + (7 - WEEKDAY(I7,1))) + 1 | L7: =F7*G7 | M7: Baixo Desempenho: Tarefa da W01: Criar Módulo Olá Mundo | N7: Em risco. O aluno obteve nota abaixo de 70% na Tarefa W01: Criar Módulo Olá Mundo. Entre em contato para ver como você pode ajudar.
A8: CSE310 | B8: Missing Assignment | C8: S02 - Atividade: Enviar o Módulo 1 | D8: 3 | E8: 2 | H8: y | I8: =DATE(YEAR(Setup!$C$4),MONTH(Setup!$C$4),DAY(Setup!$C$4)+((D8-1)*7)+(E8-WEEKDAY(DATE(YEAR(Setup!$C$4),MONTH(Setup!$C$4),DAY(Setup!$C$4)),1))) | J8: =I8+3 | K8: =(I8 + (7 - WEEKDAY(I8,1))) + 1 | L8: =F8*G8 | M8: Tarefa pendente: Tarefa W02: Enviar Módulo nº 1 | N8: Entre em contato com o aluno que não entregou a Tarefa da W02: Enviar Módulo #1
A9: CSE310 | B9: Grader-Issued 0 | C9: S02 - Atividade: Enviar o Módulo 1 | D9: 3 | E9: 4 | F9: 100 | H9: y | I9: =DATE(YEAR(Setup!$C$4),MONTH(Setup!$C$4),DAY(Setup!$C$4)+((D9-1)*7)+(E9-WEEKDAY(DATE(YEAR(Setup!$C$4),MONTH(Setup!$C$4),DAY(Setup!$C$4)),1))) | J9: =I9+3 | K9: =(I9 + (7 - WEEKDAY(I9,1))) + 1 | L9: =F9*G9 | M9: O aluno recebeu uma nota 0 atribuída pelo avaliador na W02 Tarefa: Enviar Módulo nº 1 | N9: O avaliador atribuiu nota 0 para a Tarefa W02: Enviar Módulo nº 1. Faça login no Canvas e veja os comentários do avaliador. Trabalhe com o aluno para ajudá-lo a reenviar.
A10: CSE310 | B10: High Performance | C10: S02 - Atividade: Enviar o Módulo 1 | D10: 3 | E10: 5 | F10: 100 | G10: 0.9 | H10: y | I10: =DATE(YEAR(Setup!$C$4),MONTH(Setup!$C$4),DAY(Setup!$C$4)+((D10-1)*7)+(E10-WEEKDAY(DATE(YEAR(Setup!$C$4),MONTH(Setup!$C$4),DAY(Setup!$C$4)),1))) | J10: =I10+3 | K10: =(I10 + (7 - WEEKDAY(I10,1))) + 1 | L10: =F10*G10 | M10: Alto desempenho: Tarefa W02: Enviar Módulo nº 1 | N10: Forneça feedback positivo sobre a Tarefa W02: Submit Module #1
A11: CSE310 | B11: Low Performance | C11: S02 - Atividade: Enviar o Módulo 1 | D11: 3 | E11: 5 | F11: 100 | G11: 0.7 | H11: y | I11: =DATE(YEAR(Setup!$C$4),MONTH(Setup!$C$4),DAY(Setup!$C$4)+((D11-1)*7)+(E11-WEEKDAY(DATE(YEAR(Setup!$C$4),MONTH(Setup!$C$4),DAY(Setup!$C$4)),1))) | J11: =I11+3 | K11: =(I11 + (7 - WEEKDAY(I11,1))) + 1 | L11: =F11*G11 | M11: Baixo Desempenho: Tarefa da W02: Enviar Módulo #1 | N11: Em risco. O aluno obteve nota inferior a 70% na Tarefa W02: Enviar Módulo nº 1. Entre em contato para ver como você pode ajudar.
A12: CSE310 | B12: Missing Assignment | C12: S03 - Atividade: Planejar o Módulo 2 | D12: 4 | E12: 2 | H12: y | I12: =DATE(YEAR(Setup!$C$4),MONTH(Setup!$C$4),DAY(Setup!$C$4)+((D12-1)*7)+(E12-WEEKDAY(DATE(YEAR(Setup!$C$4),MONTH(Setup!$C$4),DAY(Setup!$C$4)),1))) | J12: =I12+3 | K12: =(I12 + (7 - WEEKDAY(I12,1))) + 1 | L12: =F12*G12 | M12: Tarefa Pendente: Tarefa da W03: Planejar Módulo #2 | N12: Entre em contato com o estudante que não entregou a Tarefa da W03: Planejar Módulo #2
A13: CSE310 | B13: Grader-Issued 0 | C13: S03 - Atividade: Planejar o Módulo 2 | D13: 4 | E13: 4 | F13: 10 | H13: y | I13: =DATE(YEAR(Setup!$C$4),MONTH(Setup!$C$4),DAY(Setup!$C$4)+((D13-1)*7)+(E13-WEEKDAY(DATE(YEAR(Setup!$C$4),MONTH(Setup!$C$4),DAY(Setup!$C$4)),1))) | J13: =I13+3 | K13: =(I13 + (7 - WEEKDAY(I13,1))) + 1 | L13: =F13*G13 | M13: O aluno recebeu uma nota 0 atribuída pelo avaliador na Tarefa W03: Planejar Módulo nº 2 | N13: O avaliador atribuiu nota 0 para a Tarefa W03: Plan Module #2. Acesse o Canvas e veja os comentários do avaliador. Trabalhe com o estudante para ajudá-lo a enviar novamente.
A14: CSE310 | B14: Scheduled - Low Current Grade | C14: Lembrete de Prazo para Cancelamento | D14: 4 | E14: 4 | G14: 0.5 | H14: y | I14: =DATE(YEAR(Setup!$C$4),MONTH(Setup!$C$4),DAY(Setup!$C$4)+((D14-1)*7)+(E14-WEEKDAY(DATE(YEAR(Setup!$C$4),MONTH(Setup!$C$4),DAY(Setup!$C$4)),1))) | J14: =I14+3 | K14: =(I14 + (7 - WEEKDAY(I14,1))) + 1 | L14: =F14*G14 | M14: Aluno em situação de reprovação. Lembrete de cancelamento de matrícula | N14: Envie um e-mail para os alunos que estão reprovando no momento e que têm poucas chances de recuperação, lembrando-os do prazo de trancamento.
A15: CSE310 | B15: High Performance | C15: S03 - Atividade: Planejar o Módulo 2 | D15: 4 | E15: 5 | F15: 10 | G15: 0.9 | H15: y | I15: =DATE(YEAR(Setup!$C$4),MONTH(Setup!$C$4),DAY(Setup!$C$4)+((D15-1)*7)+(E15-WEEKDAY(DATE(YEAR(Setup!$C$4),MONTH(Setup!$C$4),DAY(Setup!$C$4)),1))) | J15: =I15+3 | K15: =(I15 + (7 - WEEKDAY(I15,1))) + 1 | L15: =F15*G15 | M15: Alto Desempenho: Tarefa da W03: Planejar Módulo #2 | N15: Fornecer Feedback Positivo na Tarefa da W03: Planejar Módulo #2
A16: CSE310 | B16: Low Performance | C16: S03 - Atividade: Planejar o Módulo 2 | D16: 4 | E16: 5 | F16: 10 | G16: 0.7 | H16: y | I16: =DATE(YEAR(Setup!$C$4),MONTH(Setup!$C$4),DAY(Setup!$C$4)+((D16-1)*7)+(E16-WEEKDAY(DATE(YEAR(Setup!$C$4),MONTH(Setup!$C$4),DAY(Setup!$C$4)),1))) | J16: =I16+3 | K16: =(I16 + (7 - WEEKDAY(I16,1))) + 1 | L16: =F16*G16 | M16: Baixo Desempenho: W03 Tarefa: Planejar Módulo nº 2 | N16: Em Risco. O aluno obteve nota abaixo de 70% na W03 Tarefa: Planejar Módulo nº 2. Faça um acompanhamento para ver como você pode ajudar.
A17: CSE310 | B17: Missing Assignment | C17: S04 - Atividade: Enviar o Módulo 2 | D17: 5 | E17: 2 | H17: y | I17: =DATE(YEAR(Setup!$C$4),MONTH(Setup!$C$4),DAY(Setup!$C$4)+((D17-1)*7)+(E17-WEEKDAY(DATE(YEAR(Setup!$C$4),MONTH(Setup!$C$4),DAY(Setup!$C$4)),1))) | J17: =I17+3 | K17: =(I17 + (7 - WEEKDAY(I17,1))) + 1 | L17: =F17*G17 | M17: Tarefa Pendente: Tarefa da W04: Enviar Módulo #2 | N17: Entre em contato com o estudante que não entregou a Tarefa W04: Submit Module #2
A18: CSE310 | B18: Grader-Issued 0 | C18: S04 - Atividade: Enviar o Módulo 2 | D18: 5 | E18: 4 | F18: 100 | H18: y | I18: =DATE(YEAR(Setup!$C$4),MONTH(Setup!$C$4),DAY(Setup!$C$4)+((D18-1)*7)+(E18-WEEKDAY(DATE(YEAR(Setup!$C$4),MONTH(Setup!$C$4),DAY(Setup!$C$4)),1))) | J18: =I18+3 | K18: =(I18 + (7 - WEEKDAY(I18,1))) + 1 | L18: =F18*G18 | M18: O aluno recebeu nota 0 atribuída pelo avaliador na Tarefa W04: Enviar Módulo nº 2 | N18: O avaliador atribuiu nota 0 para a Tarefa W04: Submit Module #2. Acesse o Canvas e veja os comentários do avaliador. Trabalhe com o estudante para ajudá-lo a enviar novamente.
A19: CSE310 | B19: Scheduled - Classwide | C19: Lembrete de Inscrição 1 | D19: 5 | E19: 4 | H19: y | I19: =DATE(YEAR(Setup!$C$4),MONTH(Setup!$C$4),DAY(Setup!$C$4)+((D19-1)*7)+(E19-WEEKDAY(DATE(YEAR(Setup!$C$4),MONTH(Setup!$C$4),DAY(Setup!$C$4)),1))) | J19: =I19+3 | K19: =(I19 + (7 - WEEKDAY(I19,1))) + 1 | L19: =F19*G19 | M19: Lembrete de Matrícula 1 | N19: Envie uma mensagem para todos os alunos, lembrando-os de que as inscrições para o próximo bloco já estão abertas e incentivando-os a agir.
A20: CSE310 | B20: High Performance | C20: S04 - Atividade: Enviar o Módulo 2 | D20: 5 | E20: 5 | F20: 100 | G20: 0.9 | H20: y | I20: =DATE(YEAR(Setup!$C$4),MONTH(Setup!$C$4),DAY(Setup!$C$4)+((D20-1)*7)+(E20-WEEKDAY(DATE(YEAR(Setup!$C$4),MONTH(Setup!$C$4),DAY(Setup!$C$4)),1))) | J20: =I20+3 | K20: =(I20 + (7 - WEEKDAY(I20,1))) + 1 | L20: =F20*G20 | M20: Alto desempenho: Tarefa W04: Submit Module #2 | N20: Fornecer Feedback Positivo na Tarefa da W04: Enviar Módulo #2
A21: CSE310 | B21: Low Performance | C21: S04 - Atividade: Enviar o Módulo 2 | D21: 5 | E21: 5 | F21: 100 | G21: 0.7 | H21: y | I21: =DATE(YEAR(Setup!$C$4),MONTH(Setup!$C$4),DAY(Setup!$C$4)+((D21-1)*7)+(E21-WEEKDAY(DATE(YEAR(Setup!$C$4),MONTH(Setup!$C$4),DAY(Setup!$C$4)),1))) | J21: =I21+3 | K21: =(I21 + (7 - WEEKDAY(I21,1))) + 1 | L21: =F21*G21 | M21: Baixo Desempenho: Tarefa da W04: Enviar Módulo #2 | N21: Em Risco. O aluno obteve menos de 70% na Tarefa da W04: Enviar Módulo nº 2. Entre em contato para ver como você pode ajudar.
A22: CSE310 | B22: Missing Assignment | C22: S05 - Atividade: Planejar o Módulo 3 | D22: 6 | E22: 2 | H22: y | I22: =DATE(YEAR(Setup!$C$4),MONTH(Setup!$C$4),DAY(Setup!$C$4)+((D22-1)*7)+(E22-WEEKDAY(DATE(YEAR(Setup!$C$4),MONTH(Setup!$C$4),DAY(Setup!$C$4)),1))) | J22: =I22+3 | K22: =(I22 + (7 - WEEKDAY(I22,1))) + 1 | L22: =F22*G22 | M22: Tarefa Pendente: W05 Tarefa: Planejar Módulo nº 3 | N22: Entre em contato com o aluno que não entregou a Tarefa da W05: Planejar Módulo nº 3
A23: CSE310 | B23: Grader-Issued 0 | C23: S05 - Atividade: Planejar o Módulo 3 | D23: 6 | E23: 4 | F23: 10 | H23: y | I23: =DATE(YEAR(Setup!$C$4),MONTH(Setup!$C$4),DAY(Setup!$C$4)+((D23-1)*7)+(E23-WEEKDAY(DATE(YEAR(Setup!$C$4),MONTH(Setup!$C$4),DAY(Setup!$C$4)),1))) | J23: =I23+3 | K23: =(I23 + (7 - WEEKDAY(I23,1))) + 1 | L23: =F23*G23 | M23: O aluno recebeu um 0 atribuído pelo avaliador na Tarefa da W05: Planejar Módulo #3 | N23: O avaliador atribuiu nota 0 para a Tarefa W05: Plan Module #3. Acesse o Canvas e veja os comentários do avaliador. Trabalhe com o estudante para ajudá-lo a enviar novamente.
A24: CSE310 | B24: High Performance | C24: S05 - Atividade: Planejar o Módulo 3 | D24: 6 | E24: 5 | F24: 10 | G24: 0.9 | H24: y | I24: =DATE(YEAR(Setup!$C$4),MONTH(Setup!$C$4),DAY(Setup!$C$4)+((D24-1)*7)+(E24-WEEKDAY(DATE(YEAR(Setup!$C$4),MONTH(Setup!$C$4),DAY(Setup!$C$4)),1))) | J24: =I24+3 | K24: =(I24 + (7 - WEEKDAY(I24,1))) + 1 | L24: =F24*G24 | M24: Alto Desempenho: Tarefa da W05: Planejar Módulo #3 | N24: Fornecer feedback positivo sobre a Tarefa W05: Planejar Módulo nº 3
A25: CSE310 | B25: Low Performance | C25: S05 - Atividade: Planejar o Módulo 3 | D25: 6 | E25: 5 | F25: 10 | G25: 0.7 | H25: y | I25: =DATE(YEAR(Setup!$C$4),MONTH(Setup!$C$4),DAY(Setup!$C$4)+((D25-1)*7)+(E25-WEEKDAY(DATE(YEAR(Setup!$C$4),MONTH(Setup!$C$4),DAY(Setup!$C$4)),1))) | J25: =I25+3 | K25: =(I25 + (7 - WEEKDAY(I25,1))) + 1 | L25: =F25*G25 | M25: Baixo Desempenho: Tarefa da W05: Planejar Módulo #3 | N25: Em Risco. O aluno obteve menos de 70% na Tarefa da W05: Planejar Módulo nº 3. Entre em contato para ver como você pode ajudar.
A26: CSE310 | B26: Scheduled - Classwide | C26: Lembrete de Inscrição 2 | D26: 7 | E26: 1 | H26: y | I26: =DATE(YEAR(Setup!$C$4),MONTH(Setup!$C$4),DAY(Setup!$C$4)+((D26-1)*7)+(E26-WEEKDAY(DATE(YEAR(Setup!$C$4),MONTH(Setup!$C$4),DAY(Setup!$C$4)),1))) | J26: =I26+3 | K26: =(I26 + (7 - WEEKDAY(I26,1))) + 1 | L26: =F26*G26 | M26: Lembrete de Matrícula 2 | N26: Envie uma mensagem a todos os alunos, lembrando-os de que as inscrições para o próximo bloco ainda estão abertas, mas serão encerradas em breve. Incentive-os a acessar o sistema e se inscrever o quanto antes.
A27: CSE310 | B27: Scheduled - Classwide | C27: Lembrete de Fim de Bloco | D27: 7 | E27: 2 | H27: y | I27: =DATE(YEAR(Setup!$C$4),MONTH(Setup!$C$4),DAY(Setup!$C$4)+((D27-1)*7)+(E27-WEEKDAY(DATE(YEAR(Setup!$C$4),MONTH(Setup!$C$4),DAY(Setup!$C$4)),1))) | J27: =I27+3 | K27: =(I27 + (7 - WEEKDAY(I27,1))) + 1 | L27: =F27*G27 | M27: Lembrete de Fim de Bloco | N27: Lembre os alunos de que o curso será encerrado, para enviarem as tarefas dentro do prazo e preencherem a Avaliação de Fim de Curso
I28: =H28+3 | J28: =(H28 + (7 - WEEKDAY(H28,1))) + 1 | K28: =F28*G28
I29: =H29+3 | J29: =(H29 + (7 - WEEKDAY(H29,1))) + 1 | K29: =F29*G29
I30: =H30+3 | J30: =(H30 + (7 - WEEKDAY(H30,1))) + 1 | K30: =F30*G30
I31: =H31+3 | J31: =(H31 + (7 - WEEKDAY(H31,1))) + 1 | K31: =F31*G31
I32: =H32+3 | J32: =(H32 + (7 - WEEKDAY(H32,1))) + 1 | K32: =F32*G32
I33: =H33+3 | J33: =(H33 + (7 - WEEKDAY(H33,1))) + 1 | K33: =F33*G33
I34: =H34+3 | J34: =(H34 + (7 - WEEKDAY(H34,1))) + 1 | K34: =F34*G34
I35: =H35+3 | J35: =(H35 + (7 - WEEKDAY(H35,1))) + 1 | K35: =F35*G35
I36: =H36+3 | J36: =(H36 + (7 - WEEKDAY(H36,1))) + 1 | K36: =F36*G36
I37: =H37+3 | J37: =(H37 + (7 - WEEKDAY(H37,1))) + 1 | K37: =F37*G37
I38: =H38+3 | J38: =(H38 + (7 - WEEKDAY(H38,1))) + 1 | K38: =F38*G38
I39: =H39+3 | J39: =(H39 + (7 - WEEKDAY(H39,1))) + 1 | K39: =F39*G39
... I75: =H75+3 | J75: =(H75 + (7 - WEEKDAY(H75,1))) + 1 | K75: =F75*G75

Sheet CSE325
A1: Course | B1: Action Type | C1: Assignment | D1: Week of Outreach | E1: Day of Outreach | F1: Points Possible | G1: % + or - for Outreach | H1: Configured | I1: Start Date | J1: Due Date | K1: Expire Date | L1: Score | M1: Reason for Outreach Title (Drop Down in IMS) | N1: Description/Prompt in IMS
A2: CSE325 | B2: New Student Added | D2: 0 | E2: 2 | H2: y | I2: =DATE(YEAR(Setup!$C$4),MONTH(Setup!$C$4),DAY(Setup!$C$4)+((D2-1)*7)+(E2-WEEKDAY(DATE(YEAR(Setup!$C$4),MONTH(Setup!$C$4),DAY(Setup!$C$4)),1))) | J2: =I2+3 | K2: =(I2 + (7 - WEEKDAY(I2,1))) + 1 | L2: =F2*G2 | M2: Welcome Email | N2: Welcome students to your course
A3: CSE325 | B3: Scheduled - Not Logged In | C3: Not Logged In | D3: 1 | E3: 4 | H3: y | I3: =DATE(YEAR(Setup!$C$4),MONTH(Setup!$C$4),DAY(Setup!$C$4)+((D3-1)*7)+(E3-WEEKDAY(DATE(YEAR(Setup!$C$4),MONTH(Setup!$C$4),DAY(Setup!$C$4)),1))) | J3: =I3+3 | K3: =(I3 + (7 - WEEKDAY(I3,1))) + 1 | L3: =F3*G3 | M3: Not Logged into Canvas | N3: Email (outside the IMS) students who have not logged into Canvas, reminding them that term started and encouraging them to get started.
A4: CSE325 | B4: Missing Assignment | C4: W01 Assignment: .NET Applications | D4: 2 | E4: 2 | H4: y | I4: =DATE(YEAR(Setup!$C$4),MONTH(Setup!$C$4),DAY(Setup!$C$4)+((D4-1)*7)+(E4-WEEKDAY(DATE(YEAR(Setup!$C$4),MONTH(Setup!$C$4),DAY(Setup!$C$4)),1))) | J4: =I4+3 | K4: =(I4 + (7 - WEEKDAY(I4,1))) + 1 | L4: =F4*G4 | M4: Missing Assignment: W01 Assignment: Create Hello World Module | N4: Check in with student missing W01 Assignment: .NET Applications
A5: CSE325 | B5: Grader-Issued 0 | C5: W01 Assignment: .NET Applications | D5: 2 | E5: 4 | F5: 10 | H5: y | I5: =DATE(YEAR(Setup!$C$4),MONTH(Setup!$C$4),DAY(Setup!$C$4)+((D5-1)*7)+(E5-WEEKDAY(DATE(YEAR(Setup!$C$4),MONTH(Setup!$C$4),DAY(Setup!$C$4)),1))) | J5: =I5+3 | K5: =(I5 + (7 - WEEKDAY(I5,1))) + 1 | L5: =F5*G5 | M5: The student was given a Grader issued 0 on W01 Assignment: Create Hello World Module | N5: Grader issued 0 for W01 Assignment: .NET Applications. Log into Canvas and see the grader comments. Work with the student to help resubmit.
A6: CSE325 | B6: High Performance | C6: W01 Assignment: .NET Applications | D6: 2 | E6: 5 | F6: 10 | G6: 0.9 | H6: y | I6: =DATE(YEAR(Setup!$C$4),MONTH(Setup!$C$4),DAY(Setup!$C$4)+((D6-1)*7)+(E6-WEEKDAY(DATE(YEAR(Setup!$C$4),MONTH(Setup!$C$4),DAY(Setup!$C$4)),1))) | J6: =I6+3 | K6: =(I6 + (7 - WEEKDAY(I6,1))) + 1 | L6: =F6*G6 | M6: High Performance: W01 Assignment: Create Hello World Module | N6: Provide Positive Feedback on W01 Assignment: .NET Applications
A7: CSE325 | B7: Low Performance | C7: W01 Assignment: .NET Applications | D7: 2 | E7: 5 | F7: 10 | G7: 0.7 | H7: y | I7: =DATE(YEAR(Setup!$C$4),MONTH(Setup!$C$4),DAY(Setup!$C$4)+((D7-1)*7)+(E7-WEEKDAY(DATE(YEAR(Setup!$C$4),MONTH(Setup!$C$4),DAY(Setup!$C$4)),1))) | J7: =I7+3 | K7: =(I7 + (7 - WEEKDAY(I7,1))) + 1 | L7: =F7*G7 | M7: Low Performance: W01 Assignment: Create Hello World Module | N7: At Risk. Student scored below 70% on W01 Assignment: .NET Applications. Check in to see how you can help.
A8: CSE325 | B8: Quiz Question | C8: W01 60-second Status Update: NeedHelp Answer: Yes | D8: 2 | E8: 2 | M8: Response to W01 60-second Status Update - Student responded they are overwhelmed. | N8: Student responded feeling overwhelmed to W01 60-second Status Update. Reach out to student to see how you can help.
A9: CSE325 | B9: Missing Assignment | C9: W02 Assignment: ASP.NET Core | D9: 3 | E9: 2 | H9: y | I9: =DATE(YEAR(Setup!$C$4),MONTH(Setup!$C$4),DAY(Setup!$C$4)+((D9-1)*7)+(E9-WEEKDAY(DATE(YEAR(Setup!$C$4),MONTH(Setup!$C$4),DAY(Setup!$C$4)),1))) | J9: =I9+3 | K9: =(I9 + (7 - WEEKDAY(I9,1))) + 1 | L9: =F9*G9 | M9: Missing Assignment: W02 Assignment: Submit Module #1 | N9: Check in with student missing W02 Assignment: ASP.NET Core
A10: CSE325 | B10: Grader-Issued 0 | C10: W02 Assignment: ASP.NET Core | D10: 3 | E10: 4 | F10: 10 | H10: y | I10: =DATE(YEAR(Setup!$C$4),MONTH(Setup!$C$4),DAY(Setup!$C$4)+((D10-1)*7)+(E10-WEEKDAY(DATE(YEAR(Setup!$C$4),MONTH(Setup!$C$4),DAY(Setup!$C$4)),1))) | J10: =I10+3 | K10: =(I10 + (7 - WEEKDAY(I10,1))) + 1 | L10: =F10*G10 | M10: The student was given a Grader issued 0 on W02 Assignment: Submit Module #1 | N10: Grader issued 0 for W02 Assignment: ASP.NET Core. Log into Canvas and see the grader comments. Work with the student to help resubmit.
A11: CSE325 | B11: High Performance | C11: W02 Assignment: ASP.NET Core | D11: 3 | E11: 5 | F11: 10 | G11: 0.9 | H11: y | I11: =DATE(YEAR(Setup!$C$4),MONTH(Setup!$C$4),DAY(Setup!$C$4)+((D11-1)*7)+(E11-WEEKDAY(DATE(YEAR(Setup!$C$4),MONTH(Setup!$C$4),DAY(Setup!$C$4)),1))) | J11: =I11+3 | K11: =(I11 + (7 - WEEKDAY(I11,1))) + 1 | L11: =F11*G11 | M11: High Performance: W02 Assignment: Submit Module #1 | N11: Provide Positive Feedback on W02 Assignment: ASP.NET Core
A12: CSE325 | B12: Low Performance | C12: W02 Assignment: ASP.NET Core | D12: 3 | E12: 5 | F12: 10 | G12: 0.7 | H12: y | I12: =DATE(YEAR(Setup!$C$4),MONTH(Setup!$C$4),DAY(Setup!$C$4)+((D12-1)*7)+(E12-WEEKDAY(DATE(YEAR(Setup!$C$4),MONTH(Setup!$C$4),DAY(Setup!$C$4)),1))) | J12: =I12+3 | K12: =(I12 + (7 - WEEKDAY(I12,1))) + 1 | L12: =F12*G12 | M12: Low Performance: W02 Assignment: Submit Module #1 | N12: At Risk. Student scored below 70% on W02 Assignment: ASP.NET Core. Check in to see how you can help.
A13: CSE325 | B13: Quiz Question | C13: W02 60-second Status Update: NeedHelp Answer: Yes | D13: 3 | E13: 2 | M13: Response to W02 60-second Status Update - Student responded they are overwhelmed. | N13: Student responded feeling overwhelmed to W02 60-second Status Update. Reach out to student to see how you can help.
A14: CSE325 | B14: Missing Assignment | C14: W03 Assignment: .NET Blazor Application | D14: 4 | E14: 2 | H14: y | I14: =DATE(YEAR(Setup!$C$4),MONTH(Setup!$C$4),DAY(Setup!$C$4)+((D14-1)*7)+(E14-WEEKDAY(DATE(YEAR(Setup!$C$4),MONTH(Setup!$C$4),DAY(Setup!$C$4)),1))) | J14: =I14+3 | K14: =(I14 + (7 - WEEKDAY(I14,1))) + 1 | L14: =F14*G14 | M14: Missing Assignment: W03 Assignment: Plan Module #2 | N14: Check in with student missing W03 Assignment: .NET Blazor Application
A15: CSE325 | B15: Grader-Issued 0 | C15: W03 Assignment: .NET Blazor Application | D15: 4 | E15: 4 | F15: 10 | H15: y | I15: =DATE(YEAR(Setup!$C$4),MONTH(Setup!$C$4),DAY(Setup!$C$4)+((D15-1)*7)+(E15-WEEKDAY(DATE(YEAR(Setup!$C$4),MONTH(Setup!$C$4),DAY(Setup!$C$4)),1))) | J15: =I15+3 | K15: =(I15 + (7 - WEEKDAY(I15,1))) + 1 | L15: =F15*G15 | M15: The student was given a Grader issued 0 on W03 Assignment: Plan Module #2 | N15: Grader issued 0 for W03 Assignment: .NET Blazor Application. Log into Canvas and see the grader comments. Work with the student to help resubmit.
A16: CSE325 | B16: Scheduled - Low Current Grade | C16: Withdraw Deadline Reminder | D16: 4 | E16: 4 | G16: 0.5 | H16: y | I16: =DATE(YEAR(Setup!$C$4),MONTH(Setup!$C$4),DAY(Setup!$C$4)+((D16-1)*7)+(E16-WEEKDAY(DATE(YEAR(Setup!$C$4),MONTH(Setup!$C$4),DAY(Setup!$C$4)),1))) | J16: =I16+3 | K16: =(I16 + (7 - WEEKDAY(I16,1))) + 1 | L16: =F16*G16 | M16: Failing student. Withdraw Reminder | N16: Email students who are currently failing with little chance to catch up, reminding them of the withdraw deadline.
A17: CSE325 | B17: High Performance | C17: W03 Assignment: .NET Blazor Application | D17: 4 | E17: 5 | F17: 10 | G17: 0.9 | H17: y | I17: =DATE(YEAR(Setup!$C$4),MONTH(Setup!$C$4),DAY(Setup!$C$4)+((D17-1)*7)+(E17-WEEKDAY(DATE(YEAR(Setup!$C$4),MONTH(Setup!$C$4),DAY(Setup!$C$4)),1))) | J17: =I17+3 | K17: =(I17 + (7 - WEEKDAY(I17,1))) + 1 | L17: =F17*G17 | M17: High Performance: W03 Assignment: Plan Module #2 | N17: Provide Positive Feedback on W03 Assignment: .NET Blazor Application
A18: CSE325 | B18: Low Performance | C18: W03 Assignment: .NET Blazor Application | D18: 4 | E18: 5 | F18: 10 | G18: 0.7 | H18: y | I18: =DATE(YEAR(Setup!$C$4),MONTH(Setup!$C$4),DAY(Setup!$C$4)+((D18-1)*7)+(E18-WEEKDAY(DATE(YEAR(Setup!$C$4),MONTH(Setup!$C$4),DAY(Setup!$C$4)),1))) | J18: =I18+3 | K18: =(I18 + (7 - WEEKDAY(I18,1))) + 1 | L18: =F18*G18 | M18: Low Performance: W03 Assignment: Plan Module #2 | N18: At Risk. Student scored below 70% on W03 Assignment: .NET Blazor Application. Check in to see how you can help.
A19: CSE325 | B19: Quiz Question | C19: W03 60-second Status Update: NeedHelp Answer: Yes | D19: 4 | E19: 2 | M19: Response to W03 60-second Status Update - Student responded they are overwhelmed. | N19: Student responded feeling overwhelmed to W03 60-second Status Update. Reach out to student to see how you can help.
A20: CSE325 | B20: Missing Assignment | C20: W04 Assignment: .NET Blazor Application | D20: 5 | E20: 2 | H20: y | I20: =DATE(YEAR(Setup!$C$4),MONTH(Setup!$C$4),DAY(Setup!$C$4)+((D20-1)*7)+(E20-WEEKDAY(DATE(YEAR(Setup!$C$4),MONTH(Setup!$C$4),DAY(Setup!$C$4)),1))) | J20: =I20+3 | K20: =(I20 + (7 - WEEKDAY(I20,1))) + 1 | L20: =F20*G20 | M20: Missing Assignment: W04 Assignment: Submit Module #2 | N20: Check in with student missing W04 Assignment: .NET Blazor Application
A21: CSE325 | B21: Grader-Issued 0 | C21: W04 Assignment: .NET Blazor Application | D21: 5 | E21: 4 | F21: 10 | H21: y | I21: =DATE(YEAR(Setup!$C$4),MONTH(Setup!$C$4),DAY(Setup!$C$4)+((D21-1)*7)+(E21-WEEKDAY(DATE(YEAR(Setup!$C$4),MONTH(Setup!$C$4),DAY(Setup!$C$4)),1))) | J21: =I21+3 | K21: =(I21 + (7 - WEEKDAY(I21,1))) + 1 | L21: =F21*G21 | M21: The student was given a Grader issued 0 on W04 Assignment: Submit Module #2 | N21: Grader issued 0 for W04 Assignment: .NET Blazor Application. Log into Canvas and see the grader comments. Work with the student to help resubmit.
A22: CSE325 | B22: Scheduled - Classwide | C22: Registration Reminder 1 | D22: 5 | E22: 4 | H22: y | I22: =DATE(YEAR(Setup!$C$4),MONTH(Setup!$C$4),DAY(Setup!$C$4)+((D22-1)*7)+(E22-WEEKDAY(DATE(YEAR(Setup!$C$4),MONTH(Setup!$C$4),DAY(Setup!$C$4)),1))) | J22: =I22+3 | K22: =(I22 + (7 - WEEKDAY(I22,1))) + 1 | L22: =F22*G22 | M22: Registration Reminder 1 | N22: Send a message to all students, reminding them that registration for the next block is now open and encouraging them to go and take action.
A23: CSE325 | B23: High Performance | C23: W04 Assignment: .NET Blazor Application | D23: 5 | E23: 5 | F23: 10 | G23: 0.9 | H23: y | I23: =DATE(YEAR(Setup!$C$4),MONTH(Setup!$C$4),DAY(Setup!$C$4)+((D23-1)*7)+(E23-WEEKDAY(DATE(YEAR(Setup!$C$4),MONTH(Setup!$C$4),DAY(Setup!$C$4)),1))) | J23: =I23+3 | K23: =(I23 + (7 - WEEKDAY(I23,1))) + 1 | L23: =F23*G23 | M23: High Performance: W04 Assignment: Submit Module #2 | N23: Provide Positive Feedback on W04 Assignment: .NET Blazor Application
A24: CSE325 | B24: Low Performance | C24: W04 Assignment: .NET Blazor Application | D24: 5 | E24: 5 | F24: 10 | G24: 0.7 | H24: y | I24: =DATE(YEAR(Setup!$C$4),MONTH(Setup!$C$4),DAY(Setup!$C$4)+((D24-1)*7)+(E24-WEEKDAY(DATE(YEAR(Setup!$C$4),MONTH(Setup!$C$4),DAY(Setup!$C$4)),1))) | J24: =I24+3 | K24: =(I24 + (7 - WEEKDAY(I24,1))) + 1 | L24: =F24*G24 | M24: Low Performance: W04 Assignment: Submit Module #2 | N24: At Risk. Student scored below 70% on W04 Assignment: .NET Blazor Application. Check in to see how you can help.
A25: CSE325 | B25: Quiz Question | C25: W04 60-second Status Update: NeedHelp Answer: Yes | D25: 5 | E25: 2 | M25: Response to W04 60-second Status Update - Student responded they are overwhelmed. | N25: Student responded feeling overwhelmed to W04 60-second Status Update. Reach out to student to see how you can help.
A26: CSE325 | B26: Missing Assignment | C26: W05 Team Activity: Project Checkpoint | D26: 6 | E26: 2 | H26: y | I26: =DATE(YEAR(Setup!$C$4),MONTH(Setup!$C$4),DAY(Setup!$C$4)+((D26-1)*7)+(E26-WEEKDAY(DATE(YEAR(Setup!$C$4),MONTH(Setup!$C$4),DAY(Setup!$C$4)),1))) | J26: =I26+3 | K26: =(I26 + (7 - WEEKDAY(I26,1))) + 1 | L26: =F26*G26 | M26: Missing Assignment: W05 Assignment: Plan Module #3 | N26: Check in with student missing W05 Team Activity: Project Checkpoint
A27: CSE325 | B27: Grader-Issued 0 | C27: W05 Team Activity: Project Checkpoint | D27: 6 | E27: 4 | F27: 10 | H27: y | I27: =DATE(YEAR(Setup!$C$4),MONTH(Setup!$C$4),DAY(Setup!$C$4)+((D27-1)*7)+(E27-WEEKDAY(DATE(YEAR(Setup!$C$4),MONTH(Setup!$C$4),DAY(Setup!$C$4)),1))) | J27: =I27+3 | K27: =(I27 + (7 - WEEKDAY(I27,1))) + 1 | L27: =F27*G27 | M27: The student was given a Grader issued 0 on W05 Assignment: Plan Module #3 | N27: Grader issued 0 for W05 Team Activity: Project Checkpoint. Log into Canvas and see the grader comments. Work with the student to help resubmit.
A28: CSE325 | B28: High Performance | C28: W05 Team Activity: Project Checkpoint | D28: 6 | E28: 5 | F28: 10 | G28: 0.9 | H28: y | I28: =DATE(YEAR(Setup!$C$4),MONTH(Setup!$C$4),DAY(Setup!$C$4)+((D28-1)*7)+(E28-WEEKDAY(DATE(YEAR(Setup!$C$4),MONTH(Setup!$C$4),DAY(Setup!$C$4)),1))) | J28: =I28+3 | K28: =(I28 + (7 - WEEKDAY(I28,1))) + 1 | L28: =F28*G28 | M28: High Performance: W05 Assignment: Plan Module #3 | N28: Provide Positive Feedback on W05 Team Activity: Project Checkpoint
A29: CSE325 | B29: Low Performance | C29: W05 Team Activity: Project Checkpoint | D29: 6 | E29: 5 | F29: 10 | G29: 0.7 | H29: y | I29: =DATE(YEAR(Setup!$C$4),MONTH(Setup!$C$4),DAY(Setup!$C$4)+((D29-1)*7)+(E29-WEEKDAY(DATE(YEAR(Setup!$C$4),MONTH(Setup!$C$4),DAY(Setup!$C$4)),1))) | J29: =I29+3 | K29: =(I29 + (7 - WEEKDAY(I29,1))) + 1 | L29: =F29*G29 | M29: Low Performance: W05 Assignment: Plan Module #3 | N29: At Risk. Student scored below 70% on W05 Team Activity: Project Checkpoint. Check in to see how you can help.
A30: CSE325 | B30: Quiz Question | C30: W05 60-second Status Update: NeedHelp Answer: Yes | D30: 6 | E30: 2 | M30: Response to W05 60-second Status Update - Student responded they are overwhelmed. | N30: Student responded feeling overwhelmed to W05 60-second Status Update. Reach out to student to see how you can help.
A31: CSE325 | B31: Scheduled - Classwide | C31: Registration Reminder 2 | D31: 7 | E31: 1 | H31: y | I31: =DATE(YEAR(Setup!$C$4),MONTH(Setup!$C$4),DAY(Setup!$C$4)+((D31-1)*7)+(E31-WEEKDAY(DATE(YEAR(Setup!$C$4),MONTH(Setup!$C$4),DAY(Setup!$C$4)),1))) | J31: =I31+3 | K31: =(I31 + (7 - WEEKDAY(I31,1))) + 1 | L31: =F31*G31 | M31: Registration Reminder 2 | N31: Send a message to all students, reminding them that registration for the next block is still open, but will be closing soon. Encourage them to go in and register as soon as possible.
A32: CSE325 | B32: Scheduled - Classwide | C32: End of Block Reminder | D32: 7 | E32: 2 | H32: y | I32: =DATE(YEAR(Setup!$C$4),MONTH(Setup!$C$4),DAY(Setup!$C$4)+((D32-1)*7)+(E32-WEEKDAY(DATE(YEAR(Setup!$C$4),MONTH(Setup!$C$4),DAY(Setup!$C$4)),1))) | J32: =I32+3 | K32: =(I32 + (7 - WEEKDAY(I32,1))) + 1 | L32: =F32*G32 | M32: End of Block Reminder | N32: Remind Students the course will be closing, submit assignments by deadline, complete End-of-Course Evaluation
I33: =DATE(YEAR(Setup!$C$4),MONTH(Setup!$C$4),DAY(Setup!$C$4)+((D33-1)*7)+(E33-WEEKDAY(DATE(YEAR(Setup!$C$4),MONTH(Setup!$C$4),DAY(Setup!$C$4)),1))) | J33: =I33+3 | K33: =(I33 + (7 - WEEKDAY(I33,1))) + 1 | L33: =F33*G33
I34: =DATE(YEAR(Setup!$C$4),MONTH(Setup!$C$4),DAY(Setup!$C$4)+((D34-1)*7)+(E34-WEEKDAY(DATE(YEAR(Setup!$C$4),MONTH(Setup!$C$4),DAY(Setup!$C$4)),1))) | J34: =I34+3 | K34: =(I34 + (7 - WEEKDAY(I34,1))) + 1 | L34: =F34*G34
I35: =DATE(YEAR(Setup!$C$4),MONTH(Setup!$C$4),DAY(Setup!$C$4)+((D35-1)*7)+(E35-WEEKDAY(DATE(YEAR(Setup!$C$4),MONTH(Setup!$C$4),DAY(Setup!$C$4)),1))) | J35: =I35+3 | K35: =(I35 + (7 - WEEKDAY(I35,1))) + 1 | L35: =F35*G35
I36: =DATE(YEAR(Setup!$C$4),MONTH(Setup!$C$4),DAY(Setup!$C$4)+((D36-1)*7)+(E36-WEEKDAY(DATE(YEAR(Setup!$C$4),MONTH(Setup!$C$4),DAY(Setup!$C$4)),1))) | J36: =I36+3 | K36: =(I36 + (7 - WEEKDAY(I36,1))) + 1 | L36: =F36*G36
I37: =DATE(YEAR(Setup!$C$4),MONTH(Setup!$C$4),DAY(Setup!$C$4)+((D37-1)*7)+(E37-WEEKDAY(DATE(YEAR(Setup!$C$4),MONTH(Setup!$C$4),DAY(Setup!$C$4)),1))) | J37: =I37+3 | K37: =(I37 + (7 - WEEKDAY(I37,1))) + 1 | L37: =F37*G37
I38: =DATE(YEAR(Setup!$C$4),MONTH(Setup!$C$4),DAY(Setup!$C$4)+((D38-1)*7)+(E38-WEEKDAY(DATE(YEAR(Setup!$C$4),MONTH(Setup!$C$4),DAY(Setup!$C$4)),1))) | J38: =I38+3 | K38: =(I38 + (7 - WEEKDAY(I38,1))) + 1 | L38: =F38*G38
I39: =DATE(YEAR(Setup!$C$4),MONTH(Setup!$C$4),DAY(Setup!$C$4)+((D39-1)*7)+(E39-WEEKDAY(DATE(YEAR(Setup!$C$4),MONTH(Setup!$C$4),DAY(Setup!$C$4)),1))) | J39: =I39+3 | K39: =(I39 + (7 - WEEKDAY(I39,1))) + 1 | L39: =F39*G39
I40: =DATE(YEAR(Setup!$C$4),MONTH(Setup!$C$4),DAY(Setup!$C$4)+((D40-1)*7)+(E40-WEEKDAY(DATE(YEAR(Setup!$C$4),MONTH(Setup!$C$4),DAY(Setup!$C$4)),1))) | J40: =I40+3 | K40: =(I40 + (7 - WEEKDAY(I40,1))) + 1 | L40: =F40*G40
I41: =DATE(YEAR(Setup!$C$4),MONTH(Setup!$C$4),DAY(Setup!$C$4)+((D41-1)*7)+(E41-WEEKDAY(DATE(YEAR(Setup!$C$4),MONTH(Setup!$C$4),DAY(Setup!$C$4)),1))) | J41: =I41+3 | K41: =(I41 + (7 - WEEKDAY(I41,1))) + 1 | L41: =F41*G41
I42: =DATE(YEAR(Setup!$C$4),MONTH(Setup!$C$4),DAY(Setup!$C$4)+((D42-1)*7)+(E42-WEEKDAY(DATE(YEAR(Setup!$C$4),MONTH(Setup!$C$4),DAY(Setup!$C$4)),1))) | J42: =I42+3 | K42: =(I42 + (7 - WEEKDAY(I42,1))) + 1 | L42: =F42*G42
I43: =DATE(YEAR(Setup!$C$4),MONTH(Setup!$C$4),DAY(Setup!$C$4)+((D43-1)*7)+(E43-WEEKDAY(DATE(YEAR(Setup!$C$4),MONTH(Setup!$C$4),DAY(Setup!$C$4)),1))) | J43: =I43+3 | K43: =(I43 + (7 - WEEKDAY(I43,1))) + 1 | L43: =F43*G43
I44: =DATE(YEAR(Setup!$C$4),MONTH(Setup!$C$4),DAY(Setup!$C$4)+((D44-1)*7)+(E44-WEEKDAY(DATE(YEAR(Setup!$C$4),MONTH(Setup!$C$4),DAY(Setup!$C$4)),1))) | J44: =I44+3 | K44: =(I44 + (7 - WEEKDAY(I44,1))) + 1 | L44: =F44*G44
... I85: =DATE(YEAR(Setup!$C$4),MONTH(Setup!$C$4),DAY(Setup!$C$4)+((D85-1)*7)+(E85-WEEKDAY(DATE(YEAR(Setup!$C$4),MONTH(Setup!$C$4),DAY(Setup!$C$4)),1))) | J85: =I85+3 | K85: =(I85 + (7 - WEEKDAY(I85,1))) + 1 | L85: =F85*G85

Sheet CSE340
A1: Course | B1: Action Type | C1: Assignment | D1: Week of Outreach | E1: Day of Outreach | F1: Points Possible | G1: % + or - for Outreach | H1: Configured | I1: Start Date | J1: Due Date | K1: Expire Date | L1: Score | M1: Reason for Outreach Title (Drop Down in IMS) | N1: Description/Prompt in IMS
A2: CSE340 | B2: New Student Added | C2: New Student Added | D2: 0 | E2: 2 | H2: y | I2: =DATE(YEAR(Setup!$C$4),MONTH(Setup!$C$4),DAY(Setup!$C$4)+((D2-1)*7)+(E2-WEEKDAY(DATE(YEAR(Setup!$C$4),MONTH(Setup!$C$4),DAY(Setup!$C$4)),1))) | J2: =I2+3 | K2: =(I2 + (7 - WEEKDAY(I2,1))) + 1 | L2: =F2*G2 | M2: Welcome Email | N2: Send a message to new students to welcome them to class and help them submit any assignments they missed.
A3: CSE340 | B3: Scheduled - Not Logged In | C3: Not Logged In | D3: 1 | E3: 4 | H3: y | I3: =DATE(YEAR(Setup!$C$4),MONTH(Setup!$C$4),DAY(Setup!$C$4)+((D3-1)*7)+(E3-WEEKDAY(DATE(YEAR(Setup!$C$4),MONTH(Setup!$C$4),DAY(Setup!$C$4)),1))) | J3: =I3+3 | K3: =(I3 + (7 - WEEKDAY(I3,1))) + 1 | L3: =F3*G3 | M3: Not Logged into Canvas | N3: Email (outside the IMS) students who have not logged into Canvas, reminding them that term started and encouraging them to get started.
A4: CSE340 | B4: Missing Assignment | C4: W01 Assignment: Initial Site Creation | D4: 2 | E4: 2 | F4: 100 | H4: y | I4: =DATE(YEAR(Setup!$C$4),MONTH(Setup!$C$4),DAY(Setup!$C$4)+((D4-1)*7)+(E4-WEEKDAY(DATE(YEAR(Setup!$C$4),MONTH(Setup!$C$4),DAY(Setup!$C$4)),1))) | J4: =I4+3 | K4: =(I4 + (7 - WEEKDAY(I4,1))) + 1 | L4: =F4*G4 | M4: Missing Assignment: W01 Assignment: Initial Site Creation | N4: Check in with student missing W01 Assignment: Initial Site Creation
A5: CSE340 | B5: Quiz Question | C5: W01 60-second Status Update: NeedHelp Answer: Yes | D5: 2 | E5: 2 | H5: y | I5: =DATE(YEAR(Setup!$C$4),MONTH(Setup!$C$4),DAY(Setup!$C$4)+((D5-1)*7)+(E5-WEEKDAY(DATE(YEAR(Setup!$C$4),MONTH(Setup!$C$4),DAY(Setup!$C$4)),1))) | J5: =I5+3 | K5: =(I5 + (7 - WEEKDAY(I5,1))) + 1 | L5: =F5*G5 | M5: Response to 60-second W01 Assignment: Initial Site Creation. Student feels overwhelmed. | N5: Student responded feeling overwhelmed in W01 60-second Status Update. Reach out to student to see how you can help.
A6: CSE340 | B6: Grader-Issued 0 | C6: W01 Assignment: Initial Site Creation | D6: 2 | E6: 4 | F6: 100 | H6: y | I6: =DATE(YEAR(Setup!$C$4),MONTH(Setup!$C$4),DAY(Setup!$C$4)+((D6-1)*7)+(E6-WEEKDAY(DATE(YEAR(Setup!$C$4),MONTH(Setup!$C$4),DAY(Setup!$C$4)),1))) | J6: =I6+3 | K6: =(I6 + (7 - WEEKDAY(I6,1))) + 1 | L6: =F6*G6 | M6: The student was given a Grader issued 0 on W01 Assignment: Initial Site Creation | N6: Grader issued 0 for W01 Assignment: Initial Site Creation. Log into Canvas and see the grader comments. Work with the student to help resubmit.
A7: CSE340 | B7: High Performance | C7: W01 Assignment: Initial Site Creation | D7: 2 | E7: 5 | F7: 100 | G7: 0.9 | H7: y | I7: =DATE(YEAR(Setup!$C$4),MONTH(Setup!$C$4),DAY(Setup!$C$4)+((D7-1)*7)+(E7-WEEKDAY(DATE(YEAR(Setup!$C$4),MONTH(Setup!$C$4),DAY(Setup!$C$4)),1))) | J7: =I7+3 | K7: =(I7 + (7 - WEEKDAY(I7,1))) + 1 | L7: =F7*G7 | M7: High Performance: W01 Assignment: Initial Site Creation | N7: Provide Positive Feedback on W01 Assignment: Initial Site Creation
A8: CSE340 | B8: Low Performance | C8: W01 Assignment: Initial Site Creation | D8: 2 | E8: 5 | F8: 100 | G8: 0.7 | H8: y | I8: =DATE(YEAR(Setup!$C$4),MONTH(Setup!$C$4),DAY(Setup!$C$4)+((D8-1)*7)+(E8-WEEKDAY(DATE(YEAR(Setup!$C$4),MONTH(Setup!$C$4),DAY(Setup!$C$4)),1))) | J8: =I8+3 | K8: =(I8 + (7 - WEEKDAY(I8,1))) + 1 | L8: =F8*G8 | M8: Low Performance: W01 Assignment: Initial Site Creation | N8: At Risk. Student scored below 70% on W01 Assignment: Initial Site Creation. Check in to see how you can help.
A9: CSE340 | B9: Missing Assignment | C9: W02 Assignment: Database Retrieval | D9: 3 | E9: 2 | H9: y | I9: =DATE(YEAR(Setup!$C$4),MONTH(Setup!$C$4),DAY(Setup!$C$4)+((D9-1)*7)+(E9-WEEKDAY(DATE(YEAR(Setup!$C$4),MONTH(Setup!$C$4),DAY(Setup!$C$4)),1))) | J9: =I9+3 | K9: =(I9 + (7 - WEEKDAY(I9,1))) + 1 | L9: =F9*G9 | M9: Missing Assignment: W02 Assignment: Database Retrieval | N9: Check in with student missing W02 Assignment: Database Retrieval
A10: CSE340 | B10: Quiz Question | C10: W02 60-second Status Update: NeedHelp Answer: Yes | D10: 3 | E10: 2 | H10: y | I10: =DATE(YEAR(Setup!$C$4),MONTH(Setup!$C$4),DAY(Setup!$C$4)+((D10-1)*7)+(E10-WEEKDAY(DATE(YEAR(Setup!$C$4),MONTH(Setup!$C$4),DAY(Setup!$C$4)),1))) | J10: =I10+3 | K10: =(I10 + (7 - WEEKDAY(I10,1))) + 1 | L10: =F10*G10 | M10: Response to 60-second W02 Status Update. Student feels overwhelmed. | N10: Student responded feeling overwhelmed in W02 60-second Status Update. Reach out to student to see how you can help.
A11: CSE340 | B11: Grader-Issued 0 | C11: W02 Assignment: Database Retrieval | D11: 3 | E11: 4 | F11: 100 | H11: y | I11: =DATE(YEAR(Setup!$C$4),MONTH(Setup!$C$4),DAY(Setup!$C$4)+((D11-1)*7)+(E11-WEEKDAY(DATE(YEAR(Setup!$C$4),MONTH(Setup!$C$4),DAY(Setup!$C$4)),1))) | J11: =I11+3 | K11: =(I11 + (7 - WEEKDAY(I11,1))) + 1 | L11: =F11*G11 | M11: The student was given a Grader issued 0 on W02 Assignment: Database Retrieval | N11: Grader issued 0 for W02 Assignment: Database Retrieval. Log into Canvas and see the grader comments. Work with the student to help resubmit.
A12: CSE340 | B12: High Performance | C12: W02 Assignment: Database Retrieval | D12: 3 | E12: 5 | F12: 100 | G12: 0.9 | H12: y | I12: =DATE(YEAR(Setup!$C$4),MONTH(Setup!$C$4),DAY(Setup!$C$4)+((D12-1)*7)+(E12-WEEKDAY(DATE(YEAR(Setup!$C$4),MONTH(Setup!$C$4),DAY(Setup!$C$4)),1))) | J12: =I12+3 | K12: =(I12 + (7 - WEEKDAY(I12,1))) + 1 | L12: =F12*G12 | M12: High Performance: W02 Assignment: Database Retrieval | N12: Provide Positive Feedback on W02 Assignment: Database Retrieval
A13: CSE340 | B13: Low Performance | C13: W02 Assignment: Database Retrieval | D13: 3 | E13: 5 | F13: 100 | G13: 0.7 | H13: y | I13: =DATE(YEAR(Setup!$C$4),MONTH(Setup!$C$4),DAY(Setup!$C$4)+((D13-1)*7)+(E13-WEEKDAY(DATE(YEAR(Setup!$C$4),MONTH(Setup!$C$4),DAY(Setup!$C$4)),1))) | J13: =I13+3 | K13: =(I13 + (7 - WEEKDAY(I13,1))) + 1 | L13: =F13*G13 | M13: Low Performance: W02 Assignment: Database Retrieval | N13: At Risk. Student scored below 70% on W02 Assignment: Database Retrieval. Check in to see how you can help.
A14: CSE340 | B14: Missing Assignment | C14: W03 Assignment: Model-View-Controller Implementation | D14: 4 | E14: 2 | F14: 100 | H14: y | I14: =DATE(YEAR(Setup!$C$4),MONTH(Setup!$C$4),DAY(Setup!$C$4)+((D14-1)*7)+(E14-WEEKDAY(DATE(YEAR(Setup!$C$4),MONTH(Setup!$C$4),DAY(Setup!$C$4)),1))) | J14: =I14+3 | K14: =(I14 + (7 - WEEKDAY(I14,1))) + 1 | L14: =F14*G14 | M14: Missing Assignment: W03 Assignment: Model-View-Controller Implementation | N14: Check in with student missing W03 Assignment: Model-View-Controller Implementation
A15: CSE340 | B15: Quiz Question | C15: W03 60-second Status Update: NeedHelp Answer: Yes | D15: 4 | E15: 2 | H15: y | I15: =DATE(YEAR(Setup!$C$4),MONTH(Setup!$C$4),DAY(Setup!$C$4)+((D15-1)*7)+(E15-WEEKDAY(DATE(YEAR(Setup!$C$4),MONTH(Setup!$C$4),DAY(Setup!$C$4)),1))) | J15: =I15+3 | K15: =(I15 + (7 - WEEKDAY(I15,1))) + 1 | L15: =F15*G15 | M15: Response to 60-second W03 Status Update. Student feels overwhelmed. | N15: Student responded feeling overwhelmed in W03 60-second Status Update. Reach out to student to see how you can help.
A16: CSE340 | B16: Grader-Issued 0 | C16: W03 Assignment: Model-View-Controller Implementation | D16: 4 | E16: 4 | F16: 100 | H16: y | I16: =DATE(YEAR(Setup!$C$4),MONTH(Setup!$C$4),DAY(Setup!$C$4)+((D16-1)*7)+(E16-WEEKDAY(DATE(YEAR(Setup!$C$4),MONTH(Setup!$C$4),DAY(Setup!$C$4)),1))) | J16: =I16+3 | K16: =(I16 + (7 - WEEKDAY(I16,1))) + 1 | L16: =F16*G16 | M16: The student was given a Grader issued 0 on W03 Assignment: Model-View-Controller Implementation | N16: Grader issued 0 for W03 Assignment: Model-View-Controller Implementation. Log into Canvas and see the grader comments. Work with the student to help resubmit.
A17: CSE340 | B17: Scheduled - Low Current Grade | C17: Withdraw Deadline Reminder | D17: 4 | E17: 4 | G17: 0.5 | H17: y | I17: =DATE(YEAR(Setup!$C$4),MONTH(Setup!$C$4),DAY(Setup!$C$4)+((D17-1)*7)+(E17-WEEKDAY(DATE(YEAR(Setup!$C$4),MONTH(Setup!$C$4),DAY(Setup!$C$4)),1))) | J17: =I17+3 | K17: =(I17 + (7 - WEEKDAY(I17,1))) + 1 | L17: =F17*G17 | M17: Failing student. Withdraw Reminder | N17: Email students who are currently failing with little chance to catch up, reminding them of the withdraw deadline.
A18: CSE340 | B18: High Performance | C18: W03 Assignment: Model-View-Controller Implementation | D18: 4 | E18: 5 | F18: 100 | G18: 0.9 | H18: y | I18: =DATE(YEAR(Setup!$C$4),MONTH(Setup!$C$4),DAY(Setup!$C$4)+((D18-1)*7)+(E18-WEEKDAY(DATE(YEAR(Setup!$C$4),MONTH(Setup!$C$4),DAY(Setup!$C$4)),1))) | J18: =I18+3 | K18: =(I18 + (7 - WEEKDAY(I18,1))) + 1 | L18: =F18*G18 | M18: High Performance: W03 Assignment: Model-View-Controller Implementation | N18: Provide Positive Feedback on W03 Assignment: Model-View-Controller Implementation
A19: CSE340 | B19: Low Performance | C19: W03 Assignment: Model-View-Controller Implementation | D19: 4 | E19: 5 | F19: 100 | G19: 0.7 | H19: y | I19: =DATE(YEAR(Setup!$C$4),MONTH(Setup!$C$4),DAY(Setup!$C$4)+((D19-1)*7)+(E19-WEEKDAY(DATE(YEAR(Setup!$C$4),MONTH(Setup!$C$4),DAY(Setup!$C$4)),1))) | J19: =I19+3 | K19: =(I19 + (7 - WEEKDAY(I19,1))) + 1 | L19: =F19*G19 | M19: Low Performance: W03 Assignment: Model-View-Controller Implementation | N19: At Risk. Student scored below 70% on W03 Assignment: Model-View-Controller Implementation. Check in to see how you can help.
A20: CSE340 | B20: Missing Assignment | C20: W04 Assignment: Inserting and Updating Data | D20: 5 | E20: 2 | H20: y | I20: =DATE(YEAR(Setup!$C$4),MONTH(Setup!$C$4),DAY(Setup!$C$4)+((D20-1)*7)+(E20-WEEKDAY(DATE(YEAR(Setup!$C$4),MONTH(Setup!$C$4),DAY(Setup!$C$4)),1))) | J20: =I20+3 | K20: =(I20 + (7 - WEEKDAY(I20,1))) + 1 | L20: =F20*G20 | M20: Missing Assignment: W04 Assignment: Inserting and Updating Data | N20: Check in with student missing W04 Assignment: Inserting and Updating Data
A21: CSE340 | B21: Quiz Question | C21: W04 60-second Status Update: NeedHelp Answer: Yes | D21: 5 | E21: 2 | H21: y | I21: =DATE(YEAR(Setup!$C$4),MONTH(Setup!$C$4),DAY(Setup!$C$4)+((D21-1)*7)+(E21-WEEKDAY(DATE(YEAR(Setup!$C$4),MONTH(Setup!$C$4),DAY(Setup!$C$4)),1))) | J21: =I21+3 | K21: =(I21 + (7 - WEEKDAY(I21,1))) + 1 | L21: =F21*G21 | M21: Response to 60-second W04 Status Update. Student feels overwhelmed. | N21: Student responded feeling overwhelmed in W04 60-second Status Update. Reach out to student to see how you can help.
A22: CSE340 | B22: Grader-Issued 0 | C22: W04 Assignment: Inserting and Updating Data | D22: 5 | E22: 4 | F22: 100 | H22: y | I22: =DATE(YEAR(Setup!$C$4),MONTH(Setup!$C$4),DAY(Setup!$C$4)+((D22-1)*7)+(E22-WEEKDAY(DATE(YEAR(Setup!$C$4),MONTH(Setup!$C$4),DAY(Setup!$C$4)),1))) | J22: =I22+3 | K22: =(I22 + (7 - WEEKDAY(I22,1))) + 1 | L22: =F22*G22 | M22: The student was given a Grader issued 0 on W04 Assignment: Inserting and Updating Data | N22: Grader issued 0 for W04 Assignment: Inserting and Updating Data. Log into Canvas and see the grader comments. Work with the student to help resubmit.
A23: CSE340 | B23: Scheduled - Classwide | C23: Registration Reminder 1 | D23: 5 | E23: 4 | H23: y | I23: =DATE(YEAR(Setup!$C$4),MONTH(Setup!$C$4),DAY(Setup!$C$4)+((D23-1)*7)+(E23-WEEKDAY(DATE(YEAR(Setup!$C$4),MONTH(Setup!$C$4),DAY(Setup!$C$4)),1))) | J23: =I23+3 | K23: =(I23 + (7 - WEEKDAY(I23,1))) + 1 | L23: =F23*G23 | M23: Registration Reminder 1 | N23: Send a message to all students, reminding them that registration for the next block is now open and encouraging them to go and take action.
A24: CSE340 | B24: High Performance | C24: W04 Assignment: Inserting and Updating Data | D24: 5 | E24: 5 | F24: 100 | G24: 0.9 | H24: y | I24: =DATE(YEAR(Setup!$C$4),MONTH(Setup!$C$4),DAY(Setup!$C$4)+((D24-1)*7)+(E24-WEEKDAY(DATE(YEAR(Setup!$C$4),MONTH(Setup!$C$4),DAY(Setup!$C$4)),1))) | J24: =I24+3 | K24: =(I24 + (7 - WEEKDAY(I24,1))) + 1 | L24: =F24*G24 | M24: High Performance: W04 Assignment: Inserting and Updating Data | N24: Provide Positive Feedback on W04 Assignment: Inserting and Updating Data
A25: CSE340 | B25: Low Performance | C25: W04 Assignment: Inserting and Updating Data | D25: 5 | E25: 5 | F25: 100 | G25: 0.7 | H25: y | I25: =DATE(YEAR(Setup!$C$4),MONTH(Setup!$C$4),DAY(Setup!$C$4)+((D25-1)*7)+(E25-WEEKDAY(DATE(YEAR(Setup!$C$4),MONTH(Setup!$C$4),DAY(Setup!$C$4)),1))) | J25: =I25+3 | K25: =(I25 + (7 - WEEKDAY(I25,1))) + 1 | L25: =F25*G25 | M25: Low Performance: W04 Assignment: Inserting and Updating Data | N25: At Risk. Student scored below 70% on W04 Assignment: Inserting and Updating Data. Check in to see how you can help.
A26: CSE340 | B26: Missing Assignment | C26: W05 Assignment: Authentication and Authorization | D26: 6 | E26: 2 | F26: 100 | H26: y | I26: =DATE(YEAR(Setup!$C$4),MONTH(Setup!$C$4),DAY(Setup!$C$4)+((D26-1)*7)+(E26-WEEKDAY(DATE(YEAR(Setup!$C$4),MONTH(Setup!$C$4),DAY(Setup!$C$4)),1))) | J26: =I26+3 | K26: =(I26 + (7 - WEEKDAY(I26,1))) + 1 | L26: =F26*G26 | M26: Missing Assignment: W05 Assignment: Authentication and Authorization | N26: Check in with student missing W05 Assignment: Authentication and Authorization
A27: CSE340 | B27: Quiz Question | C27: W05 60-second Status Update: NeedHelp Answer: Yes | D27: 6 | E27: 2 | H27: y | I27: =DATE(YEAR(Setup!$C$4),MONTH(Setup!$C$4),DAY(Setup!$C$4)+((D27-1)*7)+(E27-WEEKDAY(DATE(YEAR(Setup!$C$4),MONTH(Setup!$C$4),DAY(Setup!$C$4)),1))) | J27: =I27+3 | K27: =(I27 + (7 - WEEKDAY(I27,1))) + 1 | L27: =F27*G27 | M27: Response to 60-second W05 Status Update. Student feels overwhelmed. | N27: Student responded feeling overwhelmed in W05 60-second Status Update. Reach out to student to see how you can help.
A28: CSE340 | B28: Grader-Issued 0 | C28: W05 Assignment: Authentication and Authorization | D28: 6 | E28: 4 | F28: 100 | H28: y | I28: =DATE(YEAR(Setup!$C$4),MONTH(Setup!$C$4),DAY(Setup!$C$4)+((D28-1)*7)+(E28-WEEKDAY(DATE(YEAR(Setup!$C$4),MONTH(Setup!$C$4),DAY(Setup!$C$4)),1))) | J28: =I28+3 | K28: =(I28 + (7 - WEEKDAY(I28,1))) + 1 | L28: =F28*G28 | M28: The student was given a Grader issued 0 on W05 Assignment: Authentication and Authorization | N28: Grader issued 0 for W05 Assignment: Authentication and Authorization. Log into Canvas and see the grader comments. Work with the student to help resubmit.
A29: CSE340 | B29: High Performance | C29: W05 Assignment: Authentication and Authorization | D29: 6 | E29: 5 | F29: 100 | G29: 0.9 | H29: y | I29: =DATE(YEAR(Setup!$C$4),MONTH(Setup!$C$4),DAY(Setup!$C$4)+((D29-1)*7)+(E29-WEEKDAY(DATE(YEAR(Setup!$C$4),MONTH(Setup!$C$4),DAY(Setup!$C$4)),1))) | J29: =I29+3 | K29: =(I29 + (7 - WEEKDAY(I29,1))) + 1 | L29: =F29*G29 | M29: High Performance: W05 Assignment: Authentication and Authorization | N29: Provide Positive Feedback on W05 Assignment: Authentication and Authorization
A30: CSE340 | B30: Low Performance | C30: W05 Assignment: Authentication and Authorization | D30: 6 | E30: 5 | F30: 100 | G30: 0.7 | H30: y | I30: =DATE(YEAR(Setup!$C$4),MONTH(Setup!$C$4),DAY(Setup!$C$4)+((D30-1)*7)+(E30-WEEKDAY(DATE(YEAR(Setup!$C$4),MONTH(Setup!$C$4),DAY(Setup!$C$4)),1))) | J30: =I30+3 | K30: =(I30 + (7 - WEEKDAY(I30,1))) + 1 | L30: =F30*G30 | M30: Low Performance: W05 Assignment: Authentication and Authorization | N30: At Risk. Student scored below 70% on W05 Assignment: Authentication and Authorization. Check in to see how you can help.
A31: CSE340 | B31: Scheduled - Classwide | C31: Registration Reminder 2 | D31: 7 | E31: 1 | H31: y | I31: =DATE(YEAR(Setup!$C$4),MONTH(Setup!$C$4),DAY(Setup!$C$4)+((D31-1)*7)+(E31-WEEKDAY(DATE(YEAR(Setup!$C$4),MONTH(Setup!$C$4),DAY(Setup!$C$4)),1))) | J31: =I31+3 | K31: =(I31 + (7 - WEEKDAY(I31,1))) + 1 | L31: =F31*G31 | M31: Registration Reminder 2 | N31: Send a message to all students, reminding them that registration for the next block is still open, but will be closing soon. Encourage them to go in and register as soon as possible.
A32: CSE340 | B32: Scheduled - Classwide | C32: End of Block Reminder | D32: 7 | E32: 2 | H32: y | I32: =DATE(YEAR(Setup!$C$4),MONTH(Setup!$C$4),DAY(Setup!$C$4)+((D32-1)*7)+(E32-WEEKDAY(DATE(YEAR(Setup!$C$4),MONTH(Setup!$C$4),DAY(Setup!$C$4)),1))) | J32: =I32+3 | K32: =(I32 + (7 - WEEKDAY(I32,1))) + 1 | L32: =F32*G32 | M32: End of Block Reminder | N32: Remind Students the course will be closing, submit assignments by deadline, complete End-of-Course Evaluation

Sheet CSE341
A1: Course | B1: Action Type | C1: Assignment | D1: Week of Outreach | E1: Day of Outreach | F1: Points Possible | G1: % + or - for Outreach | H1: Configured | I1: Start Date | J1: Due Date | K1: Expire Date | L1: Score | M1: Reason for Outreach Title (Drop Down in IMS) | N1: Description/Prompt in IMS
A2: CSE341 | B2: New Student Added | C2: New Student Added | D2: 0 | E2: 2 | H2: y | I2: =DATE(YEAR(Setup!$C$4),MONTH(Setup!$C$4),DAY(Setup!$C$4)+((D2-1)*7)+(E2-WEEKDAY(DATE(YEAR(Setup!$C$4),MONTH(Setup!$C$4),DAY(Setup!$C$4)),1))) | J2: =I2+3 | K2: =(I2 + (7 - WEEKDAY(I2,1))) + 1 | L2: =F2*G2 | M2: Welcome Email | N2: Send a message to new students to welcome them to class and help them submit any assignments they missed.
A3: CSE341 | B3: Scheduled - Not Logged In | C3: Not Logged In | D3: 1 | E3: 4 | H3: y | I3: =DATE(YEAR(Setup!$C$4),MONTH(Setup!$C$4),DAY(Setup!$C$4)+((D3-1)*7)+(E3-WEEKDAY(DATE(YEAR(Setup!$C$4),MONTH(Setup!$C$4),DAY(Setup!$C$4)),1))) | J3: =I3+3 | K3: =(I3 + (7 - WEEKDAY(I3,1))) + 1 | L3: =F3*G3 | M3: Not Logged into Canvas | N3: Email (outside the IMS) students who have not logged into Canvas, reminding them that term started and encouraging them to get started.
A4: CSE341 | B4: Missing Assignment | C4: W01 Project: Contacts Part 1 | D4: 2 | E4: 2 | F4: 100 | H4: y | I4: =DATE(YEAR(Setup!$C$4),MONTH(Setup!$C$4),DAY(Setup!$C$4)+((D4-1)*7)+(E4-WEEKDAY(DATE(YEAR(Setup!$C$4),MONTH(Setup!$C$4),DAY(Setup!$C$4)),1))) | J4: =I4+3 | K4: =(I4 + (7 - WEEKDAY(I4,1))) + 1 | L4: 0 | M4: Missing Assignment: W01 Project: Contacts Part 1 | N4: Check in with student missing W01 Project: Contacts Part 1
A5: CSE341 | B5: Grader-Issued 0 | C5: W01 Project: Contacts Part 1 | D5: 2 | E5: 4 | F5: 100 | H5: y | I5: =DATE(YEAR(Setup!$C$4),MONTH(Setup!$C$4),DAY(Setup!$C$4)+((D5-1)*7)+(E5-WEEKDAY(DATE(YEAR(Setup!$C$4),MONTH(Setup!$C$4),DAY(Setup!$C$4)),1))) | J5: =I5+3 | K5: =(I5 + (7 - WEEKDAY(I5,1))) + 1 | L5: =F5*G5 | M5: Grader issued 0 on W01 Project: Contacts Part 1 | N5: Grader issued 0 for W01 Project: Contacts Part 1. Log into Canvas and see the grader comments. Work with the student to help resubmit.
A6: CSE341 | B6: High Performance | C6: W01 Project: Contacts Part 1 | D6: 2 | E6: 5 | F6: 100 | G6: 0.9 | H6: y | I6: =DATE(YEAR(Setup!$C$4),MONTH(Setup!$C$4),DAY(Setup!$C$4)+((D6-1)*7)+(E6-WEEKDAY(DATE(YEAR(Setup!$C$4),MONTH(Setup!$C$4),DAY(Setup!$C$4)),1))) | J6: =I6+3 | K6: =(I6 + (7 - WEEKDAY(I6,1))) + 1 | L6: =F6*G6 | M6: High Performance: W01 Project: Contacts Part 1 | N6: Provide Positive Feedback on W01 Project: Contacts Part 1
A7: CSE341 | B7: Low Performance | C7: W01 Project: Contacts Part 1 | D7: 2 | E7: 5 | F7: 100 | G7: 0.7 | H7: y | I7: =DATE(YEAR(Setup!$C$4),MONTH(Setup!$C$4),DAY(Setup!$C$4)+((D7-1)*7)+(E7-WEEKDAY(DATE(YEAR(Setup!$C$4),MONTH(Setup!$C$4),DAY(Setup!$C$4)),1))) | J7: =I7+3 | K7: =(I7 + (7 - WEEKDAY(I7,1))) + 1 | L7: =F7*G7 | M7: Low Performance: W01 Project: Contacts Part 1 | N7: At Risk. Student scored below 70% on W01 Project: Contacts Part 1. Check in to see how you can help.
A8: CSE341 | B8: Missing Assignment | C8: W02 Project Contacts Part 2 | D8: 3 | E8: 2 | F8: 100 | H8: y | I8: =DATE(YEAR(Setup!$C$4),MONTH(Setup!$C$4),DAY(Setup!$C$4)+((D8-1)*7)+(E8-WEEKDAY(DATE(YEAR(Setup!$C$4),MONTH(Setup!$C$4),DAY(Setup!$C$4)),1))) | J8: =I8+3 | K8: =(I8 + (7 - WEEKDAY(I8,1))) + 1 | L8: =F8*G8 | M8: Missing Assignment: W02 Project Contacts Part 2 | N8: Check in with student missing W02 Project Contacts Part 2
A9: CSE341 | B9: Grader-Issued 0 | C9: W02 Project Contacts Part 2 | D9: 3 | E9: 4 | F9: 100 | H9: y | I9: =DATE(YEAR(Setup!$C$4),MONTH(Setup!$C$4),DAY(Setup!$C$4)+((D9-1)*7)+(E9-WEEKDAY(DATE(YEAR(Setup!$C$4),MONTH(Setup!$C$4),DAY(Setup!$C$4)),1))) | J9: =I9+3 | K9: =(I9 + (7 - WEEKDAY(I9,1))) + 1 | L9: =F9*G9 | M9: Grader issued 0 on W02 Project Contacts Part 2 | N9: Grader issued 0 for W02 Project Contacts Part 2
A10: CSE341 | B10: High Performance | C10: W02 Project Contacts Part 2 | D10: 3 | E10: 5 | F10: 100 | G10: 0.9 | H10: y | I10: =DATE(YEAR(Setup!$C$4),MONTH(Setup!$C$4),DAY(Setup!$C$4)+((D10-1)*7)+(E10-WEEKDAY(DATE(YEAR(Setup!$C$4),MONTH(Setup!$C$4),DAY(Setup!$C$4)),1))) | J10: =I10+3 | K10: =(I10 + (7 - WEEKDAY(I10,1))) + 1 | L10: =F10*G10 | M10: High Performance: W02 Project Contacts Part 2 | N10: Provide Positive Feedback on W02 Project Contacts Part 2
A11: CSE341 | B11: Low Performance | C11: W02 Project Contacts Part 2 | D11: 3 | E11: 5 | F11: 100 | G11: 0.7 | H11: y | I11: =DATE(YEAR(Setup!$C$4),MONTH(Setup!$C$4),DAY(Setup!$C$4)+((D11-1)*7)+(E11-WEEKDAY(DATE(YEAR(Setup!$C$4),MONTH(Setup!$C$4),DAY(Setup!$C$4)),1))) | J11: =I11+3 | K11: =(I11 + (7 - WEEKDAY(I11,1))) + 1 | L11: =F11*G11 | M11: Low Performance: W02 Project Contacts Part 2 | N11: At Risk. Student scored below 70% on W02 Project Contacts Part 2. Check in to see how you can help.
A12: CSE341 | B12: Missing Assignment | C12: W03 Project: Project 2 Part 1 (CRUD Operations) | D12: 4 | E12: 2 | F12: 100 | H12: y | I12: =DATE(YEAR(Setup!$C$4),MONTH(Setup!$C$4),DAY(Setup!$C$4)+((D12-1)*7)+(E12-WEEKDAY(DATE(YEAR(Setup!$C$4),MONTH(Setup!$C$4),DAY(Setup!$C$4)),1))) | J12: =I12+3 | K12: =(I12 + (7 - WEEKDAY(I12,1))) + 1 | L12: =F12*G12 | M12: Missing Assignment: W03 Project: Project 2 Part 1 | N12: Check in with student missing W03 Project: Project 2 Part 1
A13: CSE341 | B13: Grader-Issued 0 | C13: W03 Project: Project 2 Part 1 (CRUD Operations) | D13: 4 | E13: 4 | F13: 100 | H13: y | I13: =DATE(YEAR(Setup!$C$4),MONTH(Setup!$C$4),DAY(Setup!$C$4)+((D13-1)*7)+(E13-WEEKDAY(DATE(YEAR(Setup!$C$4),MONTH(Setup!$C$4),DAY(Setup!$C$4)),1))) | J13: =I13+3 | K13: =(I13 + (7 - WEEKDAY(I13,1))) + 1 | L13: =F13*G13 | M13: Grader issued 0 on W03 Project: Project 2 Part 1 | N13: Grader issued 0 for W03 Project: Project 2 Part 1
A14: CSE341 | B14: Scheduled - Low Current Grade | C14: Withdraw Deadline Reminder | D14: 4 | E14: 4 | G14: 0.5 | H14: y | I14: =DATE(YEAR(Setup!$C$4),MONTH(Setup!$C$4),DAY(Setup!$C$4)+((D14-1)*7)+(E14-WEEKDAY(DATE(YEAR(Setup!$C$4),MONTH(Setup!$C$4),DAY(Setup!$C$4)),1))) | J14: =I14+3 | K14: =(I14 + (7 - WEEKDAY(I14,1))) + 1 | L14: =F14*G14 | M14: Failing student. Withdraw Reminder | N14: Email students who are currently failing with little chance to catch up, reminding them of the withdraw deadline.
A15: CSE341 | B15: High Performance | C15: W03 Project: Project 2 Part 1 (CRUD Operations) | D15: 4 | E15: 5 | F15: 100 | G15: 0.9 | H15: y | I15: =DATE(YEAR(Setup!$C$4),MONTH(Setup!$C$4),DAY(Setup!$C$4)+((D15-1)*7)+(E15-WEEKDAY(DATE(YEAR(Setup!$C$4),MONTH(Setup!$C$4),DAY(Setup!$C$4)),1))) | J15: =I15+3 | K15: =(I15 + (7 - WEEKDAY(I15,1))) + 1 | L15: =F15*G15 | M15: High Performance: W03 Project: Project 2 Part 1 | N15: Provide Positive Feedback on W03 Project: Project 2 Part 1
A16: CSE341 | B16: Low Performance | C16: W03 Project: Project 2 Part 1 (CRUD Operations) | D16: 4 | E16: 5 | F16: 100 | G16: 0.7 | H16: y | I16: =DATE(YEAR(Setup!$C$4),MONTH(Setup!$C$4),DAY(Setup!$C$4)+((D16-1)*7)+(E16-WEEKDAY(DATE(YEAR(Setup!$C$4),MONTH(Setup!$C$4),DAY(Setup!$C$4)),1))) | J16: =I16+3 | K16: =(I16 + (7 - WEEKDAY(I16,1))) + 1 | L16: =F16*G16 | M16: Low Performance: W03 Project: Project 2 Part 1 | N16: At Risk. Student scored below 70% on W03 Project: Project 2 Part 1. Check in to see how you can help.
A17: CSE341 | B17: Missing Assignment | C17: W04 Project: Project 2 Part 2 (Authentication) | D17: 5 | E17: 2 | F17: 100 | H17: y | I17: =DATE(YEAR(Setup!$C$4),MONTH(Setup!$C$4),DAY(Setup!$C$4)+((D17-1)*7)+(E17-WEEKDAY(DATE(YEAR(Setup!$C$4),MONTH(Setup!$C$4),DAY(Setup!$C$4)),1))) | J17: =I17+3 | K17: =(I17 + (7 - WEEKDAY(I17,1))) + 1 | L17: =F17*G17 | M17: Missing Assignment: W04 Project: Project 2 Part 2 | N17: Check in with student missing W04 Project: Project 2 Part 2
A18: CSE341 | B18: Grader-Issued 0 | C18: W04 Project: Project 2 Part 2 (Authentication) | D18: 5 | E18: 4 | F18: 100 | H18: y | I18: =DATE(YEAR(Setup!$C$4),MONTH(Setup!$C$4),DAY(Setup!$C$4)+((D18-1)*7)+(E18-WEEKDAY(DATE(YEAR(Setup!$C$4),MONTH(Setup!$C$4),DAY(Setup!$C$4)),1))) | J18: =I18+3 | K18: =(I18 + (7 - WEEKDAY(I18,1))) + 1 | L18: =F18*G18 | M18: Grader issued 0 on W04 Project: Project 2 Part 2 | N18: Grader issued 0 for W04 Project: Project 2 Part 2
A19: CSE341 | B19: Scheduled - Classwide | C19: Registration Reminder 1 | D19: 5 | E19: 4 | H19: y | I19: =DATE(YEAR(Setup!$C$4),MONTH(Setup!$C$4),DAY(Setup!$C$4)+((D19-1)*7)+(E19-WEEKDAY(DATE(YEAR(Setup!$C$4),MONTH(Setup!$C$4),DAY(Setup!$C$4)),1))) | J19: =I19+3 | K19: =(I19 + (7 - WEEKDAY(I19,1))) + 1 | L19: =F19*G19 | M19: Registration Reminder 1 | N19: Send a message to all students, reminding them that registration for the next block is now open and encouraging them to go and take action.
A20: CSE341 | B20: High Performance | C20: W04 Project: Project 2 Part 2 (Authentication) | D20: 5 | E20: 5 | F20: 100 | G20: 0.9 | H20: y | I20: =DATE(YEAR(Setup!$C$4),MONTH(Setup!$C$4),DAY(Setup!$C$4)+((D20-1)*7)+(E20-WEEKDAY(DATE(YEAR(Setup!$C$4),MONTH(Setup!$C$4),DAY(Setup!$C$4)),1))) | J20: =I20+3 | K20: =(I20 + (7 - WEEKDAY(I20,1))) + 1 | L20: =F20*G20 | M20: High Performance: W04 Project: Project 2 Part 2 | N20: Provide Positive Feedback on W04 Project: Project 2 Part 2
A21: CSE341 | B21: Low Performance | C21: W04 Project: Project 2 Part 2 (Authentication) | D21: 5 | E21: 5 | F21: 100 | G21: 0.7 | H21: y | I21: =DATE(YEAR(Setup!$C$4),MONTH(Setup!$C$4),DAY(Setup!$C$4)+((D21-1)*7)+(E21-WEEKDAY(DATE(YEAR(Setup!$C$4),MONTH(Setup!$C$4),DAY(Setup!$C$4)),1))) | J21: =I21+3 | K21: =(I21 + (7 - WEEKDAY(I21,1))) + 1 | L21: =F21*G21 | M21: Low Performance: W04 Project: Project 2 Part 2 | N21: At Risk. Student scored below 70% on W04 Project 2 Part 2. Check in to see how you can help.
A22: CSE341 | B22: Missing Assignment | C22: W05 Final Project Part 1: First Two Collections with Crud Operations and API Documentation | D22: 6 | E22: 2 | F22: 100 | H22: y | I22: =DATE(YEAR(Setup!$C$4),MONTH(Setup!$C$4),DAY(Setup!$C$4)+((D22-1)*7)+(E22-WEEKDAY(DATE(YEAR(Setup!$C$4),MONTH(Setup!$C$4),DAY(Setup!$C$4)),1))) | J22: =I22+3 | K22: =(I22 + (7 - WEEKDAY(I22,1))) + 1 | L22: =F22*G22 | M22: Missing Assignment: W05 Final Project Part 1: First Two Collections with Crud Operations and API Documentation | N22: Check in with student missing W05 Final Project Part 1: First Two Collections with Crud Operations and API Documentation
A23: CSE341 | B23: Grader-Issued 0 | C23: W05 Final Project Part 1: First Two Collections with Crud Operations and API Documentation | D23: 6 | E23: 4 | F23: 100 | H23: y | I23: =DATE(YEAR(Setup!$C$4),MONTH(Setup!$C$4),DAY(Setup!$C$4)+((D23-1)*7)+(E23-WEEKDAY(DATE(YEAR(Setup!$C$4),MONTH(Setup!$C$4),DAY(Setup!$C$4)),1))) | J23: =I23+3 | K23: =(I23 + (7 - WEEKDAY(I23,1))) + 1 | L23: =F23*G23 | M23: Grader issued 0 on W05 Final Project Part 1 | N23: Grader issued 0 for W05 Final Project Part 1: First Two Collections with Crud Operations and API Documentation
A24: CSE341 | B24: High Performance | C24: W05 Final Project Part 1: First Two Collections with Crud Operations and API Documentation | D24: 6 | E24: 5 | F24: 100 | G24: 0.9 | H24: y | I24: =DATE(YEAR(Setup!$C$4),MONTH(Setup!$C$4),DAY(Setup!$C$4)+((D24-1)*7)+(E24-WEEKDAY(DATE(YEAR(Setup!$C$4),MONTH(Setup!$C$4),DAY(Setup!$C$4)),1))) | J24: =I24+3 | K24: =(I24 + (7 - WEEKDAY(I24,1))) + 1 | L24: =F24*G24 | M24: High Performance: W05 Final Project Part 1 | N24: Provide Positive Feedback on W05 Final Project Part 1: First Two Collections with Crud Operations and API Documentation
A25: CSE341 | B25: Low Performance | C25: W05 Final Project Part 1: First Two Collections with Crud Operations and API Documentation | D25: 6 | E25: 5 | F25: 100 | G25: 0.7 | H25: y | I25: =DATE(YEAR(Setup!$C$4),MONTH(Setup!$C$4),DAY(Setup!$C$4)+((D25-1)*7)+(E25-WEEKDAY(DATE(YEAR(Setup!$C$4),MONTH(Setup!$C$4),DAY(Setup!$C$4)),1))) | J25: =I25+3 | K25: =(I25 + (7 - WEEKDAY(I25,1))) + 1 | L25: =F25*G25 | M25: Low Performance: W05 Final Project Part 1 | N25: At Risk. Student scored below 70% on W05 Final Project Part 1: First Two Collections with Crud Operations and API Documentation. Check in to see how you can help.
A26: CSE341 | B26: Scheduled - Classwide | C26: Registration Reminder 2 | D26: 7 | E26: 1 | H26: y | I26: =DATE(YEAR(Setup!$C$4),MONTH(Setup!$C$4),DAY(Setup!$C$4)+((D26-1)*7)+(E26-WEEKDAY(DATE(YEAR(Setup!$C$4),MONTH(Setup!$C$4),DAY(Setup!$C$4)),1))) | J26: =I26+3 | K26: =(I26 + (7 - WEEKDAY(I26,1))) + 1 | L26: =F26*G26 | M26: Registration Reminder 2 | N26: Send a message to all students, reminding them that registration for the next block is still open, but will be closing soon. Encourage them to go in and register as soon as possible.
